2025-05-12T02:32:28.757000,hash-gen-deployment,0.1,134217728,0.18,216006656,0.0016754509215136646,0.009751688391812865,178884608
2025-05-12T02:32:58.831000,hash-gen-deployment,0.1,134217728,0.18,216006656,0.001675450921513665,0.015191805036437661,178884608
2025-05-12T02:33:28.897000,hash-gen-deployment,0.1,134217728,0.18,216006656,0.0016054126596174408,0.01660541672709467,178884608
2025-05-12T02:33:58.968000,hash-gen-deployment,0.1,134217728,0.18,216006656,0.0016054126596174408,0.014951646429055809,178884608
2025-05-12T02:34:29.044000,hash-gen-deployment,0.1,134217728,0.18,216006656,0.0015555643638455023,0.01586307635513831,178884608
2025-05-12T02:34:59.109000,hash-gen-deployment,0.1,134217728,0.18,216006656,0.001873273855310191,0.014576902674039136,178884608
2025-05-12T02:35:29.178000,hash-gen-deployment,0.1,134217728,0.18,216006656,0.0017874608094631318,0.015229243945925066,178884608
2025-05-12T02:35:59.248000,hash-gen-deployment,0.1,134217728,0.18,216006656,0.0017173187555620717,0.014037149288410298,150487040
2025-05-12T02:36:29.324000,hash-gen-deployment,0.1,134217728,0.18,216006656,0.001726964433787566,0.014530958402609304,150487040
2025-05-12T02:36:59.399000,hash-gen-deployment,0.1,134217728,0.18,216006656,0.0017129803939515238,0.01400335023798793,156139520
2025-05-12T02:37:29.470000,hash-gen-deployment,0.1,134217728,0.18,216006656,0.001724006540820302,0.014418267371560623,156139520
2025-05-12T02:37:59.549000,hash-gen-deployment,0.1,134217728,0.18,216006656,0.0017039172773662564,0.013864082886940703,157097984
2025-05-12T02:38:29.624000,hash-gen-deployment,0.1,134217728,0.18,216006656,0.0017193705697593558,0.014216456133163483,157097984
2025-05-12T02:38:59.697000,hash-gen-deployment,0.1,134217728,0.18,216006656,0.0017319045868477438,0.01388326125525438,157827072
2025-05-12T02:39:29.781000,hash-gen-deployment,0.1,134217728,0.18,216006656,0.001688127273230249,0.014201821846954801,157827072
2025-05-12T02:39:59.858000,hash-gen-deployment,0.1,134217728,0.18,216006656,0.0017125887092390038,0.013862925731483788,158183424
2025-05-12T02:40:29.936000,hash-gen-deployment,0.1,134217728,0.18,216006656,0.001734687262492224,0.014142281958455884,158183424
2025-05-12T02:41:00.024000,hash-gen-deployment,0.1,134217728,0.18,216006656,0.0017528510731106394,0.013921303052373735,163287040
2025-05-12T02:41:30.095000,hash-gen-deployment,0.1,134217728,0.18,216006656,0.001754164226833539,0.014179846905738643,163287040
2025-05-12T02:42:00.171000,hash-gen-deployment,0.1,134217728,0.18,216006656,0.001780212788630024,0.013809317119308762,160096256
2025-05-12T02:42:30.247000,hash-gen-deployment,0.1,134217728,0.18,216006656,0.0017663015809330435,0.014043385307661893,160096256
2025-05-12T02:43:00.327000,hash-gen-deployment,0.1,134217728,0.18,216006656,0.001784835750617882,0.013743814000740796,160448512
2025-05-12T02:43:30.403000,hash-gen-deployment,0.1,134217728,0.18,216006656,0.0017680367439766042,0.013960578464534513,160448512
2025-05-12T02:44:00.483000,hash-gen-deployment,0.1,134217728,0.18,216006656,0.0017907223835235714,0.013686705231179392,160505856
2025-05-12T02:44:30.558000,hash-gen-deployment,0.1,134217728,0.18,216006656,0.0017731940452626622,0.013884951579526518,160505856
2025-05-12T02:45:00.637000,hash-gen-deployment,0.1,134217728,0.18,216006656,0.0017958152749659366,0.013802633340325499,158900224
2025-05-12T02:45:30.711000,hash-gen-deployment,0.1,134217728,0.18,216006656,0.0017957496284099362,0.013661929541868796,158900224
2025-05-12T02:46:00.781000,hash-gen-deployment,0.1,134217728,0.18,216006656,0.0018250706587843646,0.013819186393622363,161054720
2025-05-12T02:46:30.856000,hash-gen-deployment,0.1,134217728,0.18,216006656,0.0018046580799624147,0.013996890256371186,161054720
2025-05-12T02:47:00.932000,hash-gen-deployment,0.1,134217728,0.18,216006656,0.0018167792339910574,0.013798005859247661,161382400
2025-05-12T02:47:31.001000,hash-gen-deployment,0.1,134217728,0.18,216006656,0.0018024334898920139,0.013963044804646989,161382400
2025-05-12T02:48:01.078000,hash-gen-deployment,0.1,134217728,0.18,216006656,0.0018298709964976968,0.01383350662119122,161804288
2025-05-12T02:48:31.159000,hash-gen-deployment,0.1,134217728,0.18,216006656,0.0018225133131891255,0.013990856024031332,161804288
2025-05-12T02:49:01.246000,hash-gen-deployment,0.1,134217728,0.18,216006656,0.0018396227898501698,0.013837345536565354,161951744
2025-05-12T02:49:31.331000,hash-gen-deployment,0.1,134217728,0.18,216006656,0.0018282751875179789,0.013984755339688675,161951744
2025-05-12T02:50:01.428000,hash-gen-deployment,0.1,134217728,0.18,216006656,0.0018429225969951756,0.01373166015933543,162893824
2025-05-12T02:50:31.496000,hash-gen-deployment,0.1,134217728,0.18,216006656,0.0018192249619054621,0.013873887956206851,162893824
2025-05-12T02:51:01.568000,hash-gen-deployment,0.1,134217728,0.18,216006656,0.0018141922150015906,0.013647510590666493,162996224
2025-05-12T02:51:31.643000,hash-gen-deployment,0.1,134217728,0.18,216006656,0.0017988369329475715,0.01376238377849795,162996224
2025-05-12T02:52:01.710000,hash-gen-deployment,0.1,134217728,0.18,216006656,0.0018097057967517084,0.013647494401755007,163151872
2025-05-12T02:52:31.780000,hash-gen-deployment,0.1,134217728,0.18,216006656,0.0017970306397311969,0.013825967376186004,163151872
2025-05-12T02:53:01.860000,hash-gen-deployment,0.1,134217728,0.18,216006656,0.0018125975269890483,0.013828050652775764,163340288
2025-05-12T02:53:31.919000,hash-gen-deployment,0.1,134217728,0.18,216006656,0.0017993703569678908,0.013953859702676107,163340288
2025-05-12T02:54:01.982000,hash-gen-deployment,0.1,134217728,0.18,216006656,0.0018067885546859134,0.013909523503637236,162000896
2025-05-12T02:54:32.045000,hash-gen-deployment,0.1,134217728,0.18,216006656,0.0017850888799293206,0.014079829118871512,162000896
2025-05-12T02:55:02.109000,hash-gen-deployment,0.1,134217728,0.18,216006656,0.0018059660474081893,0.01391812311673762,162144256
2025-05-12T02:55:32.179000,hash-gen-deployment,0.1,134217728,0.18,216006656,0.0018055455435165547,0.01407802548162998,162144256
2025-05-12T02:56:02.264000,hash-gen-deployment,0.1,134217728,0.18,216006656,0.0018249895878240233,0.014036581033542512,163901440
2025-05-12T02:56:32.350000,hash-gen-deployment,0.1,134217728,0.18,216006656,0.0018123826135135947,0.014148055438279314,163901440
2025-05-12T02:57:02.413000,hash-gen-deployment,0.1,134217728,0.18,216006656,0.0018257885621575916,0.014001048075783225,164044800
2025-05-12T02:57:32.491000,hash-gen-deployment,0.1,134217728,0.18,216006656,0.0018090917224951387,0.014106287574031227,164044800
2025-05-12T02:58:02.569000,hash-gen-deployment,0.1,134217728,0.18,216006656,0.0018296202723183663,0.013996706313306316,164085760
2025-05-12T02:58:32.649000,hash-gen-deployment,0.1,134217728,0.18,216006656,0.0018124332798208256,0.014097292344497366,164085760
2025-05-12T02:59:02.725000,hash-gen-deployment,0.1,134217728,0.18,216006656,0.0018299010270274414,0.013966895448583944,164122624
2025-05-12T02:59:32.806000,hash-gen-deployment,0.1,134217728,0.18,216006656,0.0018192259883270416,0.01401642210077941,164122624
2025-05-12T03:00:02.883000,hash-gen-deployment,0.1,134217728,0.18,216006656,0.0018309310199339597,0.014006713386458172,164208640
2025-05-12T03:00:32.961000,hash-gen-deployment,0.1,134217728,0.18,216006656,0.0018171425377314474,0.013895898377057868,164208640
2025-05-12T03:01:03.036000,hash-gen-deployment,0.1,134217728,0.18,216006656,0.001831696956307151,0.013985735819313427,164216832
2025-05-12T03:01:33.121000,hash-gen-deployment,0.1,134217728,0.18,216006656,0.0018239821197074855,0.013869396577021749,164216832
2025-05-12T03:02:03.189000,hash-gen-deployment,0.1,134217728,0.18,216006656,0.001841472400880433,0.01396548774620297,164315136
2025-05-12T03:02:33.264000,hash-gen-deployment,0.1,134217728,0.18,216006656,0.0018209232007670789,0.014046676121116305,164315136
2025-05-12T03:03:03.339000,hash-gen-deployment,0.1,134217728,0.18,216006656,0.0018177661182765294,0.013951649383102413,164352000
2025-05-12T03:03:33.404000,hash-gen-deployment,0.1,134217728,0.18,216006656,0.0018083688688371607,0.014028217544709865,164352000
2025-05-12T03:04:03.480000,hash-gen-deployment,0.1,134217728,0.18,216006656,0.001826345071233873,0.013972583563683246,164343808
2025-05-12T03:04:33.563000,hash-gen-deployment,0.1,134217728,0.18,216006656,0.001809130253365697,0.013853800578226584,164343808
2025-05-12T03:05:03.639000,hash-gen-deployment,0.1,134217728,0.18,216006656,0.001822960974014455,0.01393680429552149,164556800
2025-05-12T03:05:33.723000,hash-gen-deployment,0.1,134217728,0.18,216006656,0.0018112630062865486,0.013985510226678547,164556800
2025-05-12T03:06:03.796000,hash-gen-deployment,0.1,134217728,0.18,216006656,0.0018190476896552555,0.013872444434991612,164564992
2025-05-12T03:06:33.884000,hash-gen-deployment,0.1,134217728,0.18,216006656,0.0018047664316654358,0.013939163676181022,164564992
2025-05-12T03:07:03.963000,hash-gen-deployment,0.1,134217728,0.18,216006656,0.0018157439764823638,0.013878508287925924,164610048
2025-05-12T03:07:34.041000,hash-gen-deployment,0.1,134217728,0.18,216006656,0.0018031323744202641,0.013729568246889264,164610048
2025-05-12T03:08:04.119000,hash-gen-deployment,0.1,134217728,0.18,216006656,0.0017464170556586434,0.013773834340040932,165687296
2025-05-12T03:08:34.186000,hash-gen-deployment,0.1,134217728,0.18,216006656,0.0017325933427499948,0.013246624870781527,165687296
2025-05-12T03:09:04.264000,hash-gen-deployment,0.1,134217728,0.18,216006656,0.0017064021937378906,0.013356307775943837,165695488
2025-05-12T03:09:34.345000,hash-gen-deployment,0.1,134217728,0.18,216006656,0.0017275899132426834,0.013430750621643204,165695488
2025-05-12T03:10:04.435000,hash-gen-deployment,0.1,134217728,0.18,216006656,0.0017347504465382007,0.013303878744470187,164618240
2025-05-12T03:10:34.506000,hash-gen-deployment,0.1,134217728,0.18,216006656,0.0017824308305768187,0.013387022219369358,164618240
2025-05-12T03:11:04.581000,hash-gen-deployment,0.1,134217728,0.18,216006656,0.001768442230563423,0.013548965297590577,166481920
2025-05-12T03:11:34.661000,hash-gen-deployment,0.1,134217728,0.18,216006656,0.00176015548989425,0.013579061174359757,166481920
2025-05-12T03:12:04.733000,hash-gen-deployment,0.1,134217728,0.18,216006656,0.001774324655390877,0.013788046426947715,166719488
2025-05-12T03:12:34.812000,hash-gen-deployment,0.1,134217728,0.18,216006656,0.0017721695826913707,0.013882666078946577,166719488
2025-05-12T03:13:04.891000,hash-gen-deployment,0.1,134217728,0.18,216006656,0.0017710819981563092,0.014023086870084363,168964096
2025-05-12T03:13:34.968000,hash-gen-deployment,0.1,134217728,0.18,216006656,0.0017577689488608788,0.014024607402800085,168964096
2025-05-12T03:14:05.044000,hash-gen-deployment,0.1,134217728,0.18,216006656,0.0017644157811231567,0.013933719646171875,169005056
2025-05-12T03:14:35.106000,hash-gen-deployment,0.1,134217728,0.18,216006656,0.0017448320156166128,0.013844120771974123,169005056
2025-05-12T03:15:05.178000,hash-gen-deployment,0.1,134217728,0.18,216006656,0.001761024052613457,0.01389661495614671,169156608
2025-05-12T03:15:35.261000,hash-gen-deployment,0.1,134217728,0.18,216006656,0.001746379025005657,0.01398872077967359,169156608
2025-05-12T03:16:05.336000,hash-gen-deployment,0.1,134217728,0.18,216006656,0.001759551222289806,0.013890675962441559,169213952
2025-05-12T03:16:35.417000,hash-gen-deployment,0.1,134217728,0.18,216006656,0.0017450016006471827,0.013780050369148776,169213952
2025-05-12T03:17:05.490000,hash-gen-deployment,0.1,134217728,0.18,216006656,0.0017424984837278623,0.014000155384913553,173273088
2025-05-12T03:17:35.568000,hash-gen-deployment,0.1,134217728,0.18,216006656,0.0017305504654166796,0.013905028359071807,173273088
2025-05-12T03:18:05.644000,hash-gen-deployment,0.1,134217728,0.18,216006656,0.0017421103211855754,0.01401982179904989,173928448
2025-05-12T03:18:35.723000,hash-gen-deployment,0.1,134217728,0.18,216006656,0.0017327324381554757,0.01411493574924817,173928448
2025-05-12T03:19:05.800000,hash-gen-deployment,0.1,134217728,0.18,216006656,0.0017408471359698845,0.0140062739603065,173928448
2025-05-12T03:19:35.881000,hash-gen-deployment,0.1,134217728,0.18,216006656,0.0017227610571960306,0.013932813360953466,173928448
2025-05-12T03:20:05.958000,hash-gen-deployment,0.1,134217728,0.18,216006656,0.0017423261405024393,0.013937382736867641,173936640
2025-05-12T03:20:36.036000,hash-gen-deployment,0.1,134217728,0.18,216006656,0.0017352573920097847,0.014027758644833912,173936640
2025-05-12T03:21:06.114000,hash-gen-deployment,0.1,134217728,0.18,216006656,0.0017526350646615211,0.013912770888700321,173940736
2025-05-12T03:21:36.186000,hash-gen-deployment,0.1,134217728,0.18,216006656,0.0017393241033034402,0.014000012736189432,173940736
2025-05-12T03:22:06.268000,hash-gen-deployment,0.1,134217728,0.18,216006656,0.0017493466193558504,0.014009491321730938,173965312
2025-05-12T03:22:36.345000,hash-gen-deployment,0.1,134217728,0.18,216006656,0.0017297054481030456,0.013911745637193917,173965312
2025-05-12T03:23:06.412000,hash-gen-deployment,0.1,134217728,0.18,216006656,0.0017366912548965935,0.014016926934423588,174002176
2025-05-12T03:23:36.497000,hash-gen-deployment,0.1,134217728,0.18,216006656,0.0017200976743111608,0.013815270639640106,174002176
2025-05-12T03:24:06.569000,hash-gen-deployment,0.1,134217728,0.18,216006656,0.001715466386489103,0.013866984121732474,174026752
2025-05-12T03:24:36.653000,hash-gen-deployment,0.1,134217728,0.18,216006656,0.001707016937368446,0.013957636361350865,174026752
2025-05-12T03:25:06.729000,hash-gen-deployment,0.1,134217728,0.18,216006656,0.001711429082784948,0.013844458410069411,174043136
2025-05-12T03:25:36.808000,hash-gen-deployment,0.1,134217728,0.18,216006656,0.0016971527312668927,0.013931820656723005,174043136
2025-05-12T03:26:06.888000,hash-gen-deployment,0.1,134217728,0.18,216006656,0.0016985672631682543,0.013855490687823244,174055424
2025-05-12T03:26:36.963000,hash-gen-deployment,0.1,134217728,0.18,216006656,0.0016913499477370674,0.013933092795110017,174055424
2025-05-12T03:27:07.043000,hash-gen-deployment,0.1,134217728,0.18,216006656,0.0017071121077417294,0.013859328071254394,174059520
2025-05-12T03:27:37.127000,hash-gen-deployment,0.1,134217728,0.18,216006656,0.001695468554611144,0.013772667364774994,174059520
2025-05-12T03:28:07.196000,hash-gen-deployment,0.1,134217728,0.18,216006656,0.0017125854595608499,0.013829843265881445,174063616
2025-05-12T03:28:37.272000,hash-gen-deployment,0.1,134217728,0.18,216006656,0.0017021767534311882,0.01376041773905423,174063616
2025-05-12T03:29:07.354000,hash-gen-deployment,0.1,134217728,0.18,216006656,0.0017067232033843613,0.013773494420870684,174071808
2025-05-12T03:29:37.422000,hash-gen-deployment,0.1,134217728,0.18,216006656,0.0016942188108457212,0.013631989580896686,174071808
2025-05-12T03:30:07.498000,hash-gen-deployment,0.1,134217728,0.18,216006656,0.001732875486447813,0.013771935587433809,174116864
2025-05-12T03:30:37.571000,hash-gen-deployment,0.1,134217728,0.18,216006656,0.0017139203836011652,0.013847199122369922,174116864
2025-05-12T03:31:07.633000,hash-gen-deployment,0.1,134217728,0.18,216006656,0.0017139451015508935,0.013791957450993915,174198784
2025-05-12T03:31:37.700000,hash-gen-deployment,0.1,134217728,0.18,216006656,0.0016973102677388422,0.013791957450993915,174198784
2025-05-12T03:32:07.775000,hash-gen-deployment,0.1,134217728,0.18,216006656,0.0016973338951860757,0.010911329648366448,174415872
2025-05-12T03:32:37.836000,hash-gen-deployment,0.1,134217728,0.18,216006656,0.0016838144752579242,0.010240686010077245,174415872
2025-05-12T03:33:07.910000,hash-gen-deployment,0.1,134217728,0.18,216006656,0.0016792235719663383,0.010091040288262472,174424064
2025-05-12T03:33:37.988000,hash-gen-deployment,0.1,134217728,0.18,216006656,0.0015040593272788055,0.009767987522949861,174424064
2025-05-12T03:34:08.063000,hash-gen-deployment,0.1,134217728,0.18,216006656,0.0015040593272788055,0.009681740631681673,174424064
2025-05-12T03:34:38.120000,hash-gen-deployment,0.1,134217728,0.18,216006656,0.0014327637124515776,0.009491539707891999,174424064
2025-05-12T03:35:08.193000,hash-gen-deployment,0.1,134217728,0.18,216006656,0.0014327637124515776,0.009531563840590807,174546944
2025-05-12T03:35:38.269000,hash-gen-deployment,0.1,134217728,0.18,216006656,0.0013646616605473964,0.009226848780651232,174546944
2025-05-12T03:36:08.340000,hash-gen-deployment,0.1,134217728,0.18,216006656,0.0013646616605473964,0.009221389472236594,174575616
2025-05-12T03:36:38.414000,hash-gen-deployment,0.1,134217728,0.18,216006656,0.0013111335914301615,0.009012565895698495,174575616
2025-05-12T03:37:08.484000,hash-gen-deployment,0.1,134217728,0.18,216006656,0.0013111335914301615,0.008945551760105927,174669824
2025-05-12T03:37:38.561000,hash-gen-deployment,0.1,134217728,0.18,216006656,0.0012418766344061904,0.008851804609836304,174669824
2025-05-12T03:38:08.633000,hash-gen-deployment,0.1,134217728,0.18,216006656,0.0012418766344061904,0.008743846291639103,174800896
2025-05-12T03:38:38.707000,hash-gen-deployment,0.1,134217728,0.18,216006656,0.0012185434432711755,0.008669789852294937,174800896
2025-05-12T03:39:08.780000,hash-gen-deployment,0.1,134217728,0.18,216006656,0.0012185434432711755,0.008579348804026424,174804992
2025-05-12T03:39:38.857000,hash-gen-deployment,0.1,134217728,0.18,216006656,0.001147215814373947,0.00828686768800052,174804992
2025-05-12T03:40:08.935000,hash-gen-deployment,0.1,134217728,0.18,216006656,0.001147215814373947,0.00829311405413229,174800896
2025-05-12T03:40:39.005000,hash-gen-deployment,0.1,134217728,0.18,216006656,0.0011016871585912966,0.008294021879051464,174800896
2025-05-12T03:41:09.085000,hash-gen-deployment,0.1,134217728,0.18,216006656,0.0011016871585912966,0.008205115141490594,174804992
2025-05-12T03:41:39.170000,hash-gen-deployment,0.1,134217728,0.18,216006656,0.0010668416040700965,0.008125520463201842,174804992
2025-05-12T03:42:09.238000,hash-gen-deployment,0.1,134217728,0.18,216006656,0.0010668416040700965,0.008036126575736923,174800896
2025-05-12T03:42:39.316000,hash-gen-deployment,0.1,134217728,0.18,216006656,0.001044604663681705,0.008080512433612831,174800896
2025-05-12T03:43:09.391000,hash-gen-deployment,0.1,134217728,0.18,216006656,0.001044604663681705,0.008018694865415064,174821376
2025-05-12T03:43:39.469000,hash-gen-deployment,0.1,134217728,0.18,216006656,0.0010187824167141068,0.007744373621966162,174821376
2025-05-12T03:44:09.546000,hash-gen-deployment,0.1,134217728,0.18,216006656,0.0010187824167141068,0.007760484714508632,174821376
2025-05-12T03:44:39.614000,hash-gen-deployment,0.1,134217728,0.18,216006656,0.0009880303490780791,0.0076630808343166575,174821376
2025-05-12T03:45:09.689000,hash-gen-deployment,0.1,134217728,0.18,216006656,0.0009880303490780791,0.0076043653264932926,174833664
2025-05-12T03:45:39.764000,hash-gen-deployment,0.1,134217728,0.18,216006656,0.0009696843558107805,0.0075601792284371175,174833664
2025-05-12T03:46:09.834000,hash-gen-deployment,0.1,134217728,0.18,216006656,0.0009696843558107805,0.007507007839345102,174858240
2025-05-12T03:46:39.908000,hash-gen-deployment,0.1,134217728,0.18,216006656,0.0009470209088745321,0.007350839472537417,174858240
2025-05-12T03:47:09.983000,hash-gen-deployment,0.1,134217728,0.18,216006656,0.0009470209088745321,0.007384396423518146,174891008
2025-05-12T03:47:40.062000,hash-gen-deployment,0.1,134217728,0.18,216006656,0.0009236444124083469,0.007372929739007458,174891008
2025-05-12T03:48:10.138000,hash-gen-deployment,0.1,134217728,0.18,216006656,0.0009236444124083469,0.007317660031667044,174891008
2025-05-12T03:48:40.201000,hash-gen-deployment,0.1,134217728,0.18,216006656,0.0009055150115613423,0.00715294692424289,174891008
2025-05-12T03:49:10.274000,hash-gen-deployment,0.1,134217728,0.18,216006656,0.0009055150115613423,0.007160576480000453,174895104
2025-05-12T03:49:40.356000,hash-gen-deployment,0.1,134217728,0.18,216006656,0.0008998689661341137,0.007160576480000453,174895104
2025-05-12T03:50:10.432000,hash-gen-deployment,0.1,134217728,0.18,216006656,0.0008998689661341137,0.007093833096595929,174899200
2025-05-12T03:50:40.510000,hash-gen-deployment,0.1,134217728,0.18,216006656,0.0008915283299350214,0.0070391228056551885,174899200
2025-05-12T03:51:10.587000,hash-gen-deployment,0.1,134217728,0.18,216006656,0.0008915283299350214,0.006989446570106931,174927872
2025-05-12T03:51:40.663000,hash-gen-deployment,0.1,134217728,0.18,216006656,0.0008703371521495745,0.006739415091491674,174927872
2025-05-12T03:52:10.740000,hash-gen-deployment,0.1,134217728,0.18,216006656,0.0008703371521495745,0.00677393235470097,174915584
2025-05-12T03:52:40.824000,hash-gen-deployment,0.1,134217728,0.18,216006656,0.0008565743130630628,0.006699219197631655,174915584
2025-05-12T03:53:10.896000,hash-gen-deployment,0.1,134217728,0.18,216006656,0.0008565743130630628,0.006641455695396348,174931968
2025-05-12T03:53:40.969000,hash-gen-deployment,0.1,134217728,0.18,216006656,0.0008500152154920062,0.006550586652940117,174931968
2025-05-12T03:54:11.042000,hash-gen-deployment,0.1,134217728,0.18,216006656,0.0008500152154920062,0.006581787369158226,174940160
2025-05-12T03:54:41.125000,hash-gen-deployment,0.1,134217728,0.18,216006656,0.0008215860695622668,0.00640528371756055,174940160
2025-05-12T03:55:11.197000,hash-gen-deployment,0.1,134217728,0.18,216006656,0.0008215860695622668,0.0064407853427542044,174936064
2025-05-12T03:55:41.272000,hash-gen-deployment,0.1,134217728,0.18,216006656,0.0008104692547062822,0.006334949581634165,174936064
2025-05-12T03:56:11.349000,hash-gen-deployment,0.1,134217728,0.18,216006656,0.0008104692547062822,0.006415606608414483,174989312
2025-05-12T03:56:41.425000,hash-gen-deployment,0.1,134217728,0.18,216006656,0.0008031666630102902,0.006342164344433613,174989312
2025-05-12T03:57:11.508000,hash-gen-deployment,0.1,134217728,0.18,216006656,0.0008031666630102902,0.006392945637255385,174977024
2025-05-12T03:57:41.588000,hash-gen-deployment,0.1,134217728,0.18,216006656,0.0007964598760544369,0.006418022244990834,174977024
2025-05-12T03:58:11.669000,hash-gen-deployment,0.1,134217728,0.18,216006656,0.0007964598760544369,0.006378391795377776,174989312
2025-05-12T03:58:41.757000,hash-gen-deployment,0.1,134217728,0.18,216006656,0.0007762949603782078,0.0063451629317119425,174989312
2025-05-12T03:59:11.838000,hash-gen-deployment,0.1,134217728,0.18,216006656,0.0007762949603782078,0.006315304968957041,174997504
2025-05-12T03:59:41.909000,hash-gen-deployment,0.1,134217728,0.18,216006656,0.0007709105081893653,0.006351343618870003,174997504
2025-05-12T04:00:11.981000,hash-gen-deployment,0.1,134217728,0.18,216006656,0.0007709105081893653,0.006304478385507284,175022080
2025-05-12T04:00:42.053000,hash-gen-deployment,0.1,134217728,0.18,216006656,0.000754896124003145,0.006220140663080751,175022080
2025-05-12T04:01:12.123000,hash-gen-deployment,0.1,134217728,0.18,216006656,0.000754896124003145,0.006242781960424421,175026176
2025-05-12T04:01:42.199000,hash-gen-deployment,0.1,134217728,0.18,216006656,0.0007488395547699211,0.0061664356557508265,175026176
2025-05-12T04:02:12.278000,hash-gen-deployment,0.1,134217728,0.18,216006656,0.0007488395547699211,0.00620849175170092,175001600
2025-05-12T04:02:42.348000,hash-gen-deployment,0.1,134217728,0.18,216006656,0.0007356068618141095,0.006167079789283542,175001600
2025-05-12T04:03:12.418000,hash-gen-deployment,0.1,134217728,0.18,216006656,0.0007356068618141095,0.006167079789283543,175001600
2025-05-12T04:03:42.491000,hash-gen-deployment,0.1,134217728,0.18,216006656,0.0007296570085077801,0.006108872131447521,175001600
2025-05-12T04:04:12.564000,hash-gen-deployment,0.1,134217728,0.18,216006656,0.0007296570085077801,0.006108872131447521,175001600
2025-05-12T04:04:42.646000,hash-gen-deployment,0.1,134217728,0.18,216006656,0.0007247486572576152,0.006087176766272719,175030272
2025-05-12T04:05:12.715000,hash-gen-deployment,0.1,134217728,0.18,216006656,0.0007247486572576152,0.006087176766272719,175030272
2025-05-12T04:05:42.788000,hash-gen-deployment,0.1,134217728,0.18,216006656,0.0007185727926246807,0.006048417017468536,175296512
2025-05-12T04:06:12.870000,hash-gen-deployment,0.1,134217728,0.18,216006656,0.0007185727926246807,0.006048417017468536,175296512
2025-05-12T04:06:42.931000,hash-gen-deployment,0.1,134217728,0.18,216006656,0.0007074912412800354,0.005869547674491768,175038464
2025-05-12T04:07:13.001000,hash-gen-deployment,0.1,134217728,0.18,216006656,0.0007074912412800354,0.005869547674491768,175038464
2025-05-12T04:07:43.077000,hash-gen-deployment,0.1,134217728,0.18,216006656,0.000701886145567514,0.005768050559879908,175038464
2025-05-12T04:08:13.154000,hash-gen-deployment,0.1,134217728,0.18,216006656,0.000701886145567514,0.005768050559879908,175038464
2025-05-12T04:08:43.229000,hash-gen-deployment,0.1,134217728,0.18,216006656,0.0006667856571460448,0.005425883369975217,175038464
2025-05-12T04:09:13.298000,hash-gen-deployment,0.1,134217728,0.18,216006656,0.0006667856571460448,0.005425883369975217,175038464
2025-05-12T04:09:43.372000,hash-gen-deployment,0.1,134217728,0.18,216006656,0.0006009965592800896,0.004843851061612114,175042560
2025-05-12T04:10:13.450000,hash-gen-deployment,0.1,134217728,0.18,216006656,0.0006009965592800896,0.004843851061612114,175042560
2025-05-12T04:10:43.525000,hash-gen-deployment,0.1,134217728,0.18,216006656,0.0005939596215269933,0.004520646814933331,175042560
2025-05-12T04:11:13.593000,hash-gen-deployment,0.1,134217728,0.18,216006656,0.0005939596215269933,0.004520646814933331,175042560
2025-05-12T04:11:43.670000,hash-gen-deployment,0.1,134217728,0.18,216006656,0.0005793475167063087,0.004300587867925429,175046656
2025-05-12T04:12:13.743000,hash-gen-deployment,0.1,134217728,0.18,216006656,0.0005793475167063087,0.004300587867925429,175046656
2025-05-12T04:12:43.807000,hash-gen-deployment,0.1,134217728,0.18,216006656,0.0005781790394916024,0.004258073835299844,175050752
2025-05-12T04:13:13.879000,hash-gen-deployment,0.1,134217728,0.18,216006656,0.0005781790394916024,0.004258073835299845,175050752
2025-05-12T04:13:43.949000,hash-gen-deployment,0.1,134217728,0.18,216006656,0.0005792545503867148,0.00424802437664753,175063040
2025-05-12T04:14:14.029000,hash-gen-deployment,0.1,134217728,0.18,216006656,0.0005792545503867148,0.00424802437664753,175063040
2025-05-12T04:14:44.097000,hash-gen-deployment,0.1,134217728,0.18,216006656,0.0005747257947087542,0.004244085655159561,175087616
2025-05-12T04:15:14.170000,hash-gen-deployment,0.1,134217728,0.18,216006656,0.0005747257947087542,0.004244085655159563,175087616
2025-05-12T04:15:44.245000,hash-gen-deployment,0.1,134217728,0.18,216006656,0.0005678533065395096,0.00401735621299979,175124480
2025-05-12T04:16:14.329000,hash-gen-deployment,0.1,134217728,0.18,216006656,0.0005678533065395096,0.00401735621299979,175124480
2025-05-12T04:16:44.401000,hash-gen-deployment,0.1,134217728,0.18,216006656,0.0005679276143553695,0.003918405879962056,175116288
2025-05-12T04:17:14.480000,hash-gen-deployment,0.1,134217728,0.18,216006656,0.0005679276143553695,0.003918405879962056,175116288
2025-05-12T04:17:44.560000,hash-gen-deployment,0.1,134217728,0.18,216006656,0.000568118237760653,0.003911278147955082,175120384
2025-05-12T04:18:14.621000,hash-gen-deployment,0.1,134217728,0.18,216006656,0.000568118237760653,0.003911278147955082,175120384
2025-05-12T04:18:44.687000,hash-gen-deployment,0.1,134217728,0.18,216006656,0.0005685263904968098,0.00390643275351586,175120384
2025-05-12T04:19:14.764000,hash-gen-deployment,0.1,134217728,0.18,216006656,0.0005685263904968098,0.003906432753515861,175120384
2025-05-12T04:19:44.831000,hash-gen-deployment,0.1,134217728,0.18,216006656,0.0005697948230480741,0.003954001460558418,175149056
2025-05-12T04:20:14.898000,hash-gen-deployment,0.1,134217728,0.18,216006656,0.0005697948230480741,0.003954001460558418,175149056
2025-05-12T04:20:44.973000,hash-gen-deployment,0.1,134217728,0.18,216006656,0.0005648909840746213,0.003917010918028378,175169536
2025-05-12T04:21:15.045000,hash-gen-deployment,0.1,134217728,0.18,216006656,0.0005648909840746213,0.003917010918028378,175169536
2025-05-12T04:21:45.114000,hash-gen-deployment,0.1,134217728,0.18,216006656,0.0005643692014576925,0.0038699530470163407,175169536
2025-05-12T04:22:15.192000,hash-gen-deployment,0.1,134217728,0.18,216006656,0.0005643692014576925,0.0038699530470163407,175169536
2025-05-12T04:22:45.269000,hash-gen-deployment,0.1,134217728,0.18,216006656,0.0005646078074200917,0.003848575781006957,175161344
2025-05-12T04:23:15.351000,hash-gen-deployment,0.1,134217728,0.18,216006656,0.0005646078074200917,0.003848575781006957,175161344
2025-05-12T04:23:45.429000,hash-gen-deployment,0.1,134217728,0.18,216006656,0.0005650782562521407,0.0038500697444623887,175161344
2025-05-12T04:24:15.509000,hash-gen-deployment,0.1,134217728,0.18,216006656,0.0005650782562521407,0.0038500697444623887,175161344
2025-05-12T04:24:45.582000,hash-gen-deployment,0.1,134217728,0.18,216006656,0.0005653584057188795,0.0038252480831960406,175157248
2025-05-12T04:25:15.661000,hash-gen-deployment,0.1,134217728,0.18,216006656,0.0005653584057188795,0.0038252480831960406,175157248
2025-05-12T04:25:45.747000,hash-gen-deployment,0.1,134217728,0.18,216006656,0.000564725021709166,0.003817740860750754,175165440
2025-05-12T04:26:15.819000,hash-gen-deployment,0.1,134217728,0.18,216006656,0.000564725021709166,0.003817740860750754,175165440
2025-05-12T04:26:45.892000,hash-gen-deployment,0.1,134217728,0.18,216006656,0.0005647814478795536,0.003820669369400368,175173632
2025-05-12T04:27:15.966000,hash-gen-deployment,0.1,134217728,0.18,216006656,0.0005647814478795536,0.003820669369400367,175173632
2025-05-12T04:27:46.052000,hash-gen-deployment,0.1,134217728,0.18,216006656,0.0005649127183795605,0.003811096179580559,175181824
2025-05-12T04:28:16.127000,hash-gen-deployment,0.1,134217728,0.18,216006656,0.0005649127183795605,0.0038110961795805583,175181824
2025-05-12T04:28:46.198000,hash-gen-deployment,0.1,134217728,0.18,216006656,0.0005648496884375719,0.003775984553592051,175247360
2025-05-12T04:29:16.275000,hash-gen-deployment,0.1,134217728,0.18,216006656,0.0005648496884375719,0.003775984553592052,175247360
2025-05-12T04:29:46.335000,hash-gen-deployment,0.1,134217728,0.18,216006656,0.0005651812541059448,0.0037719954217462505,175255552
2025-05-12T04:30:16.403000,hash-gen-deployment,0.1,134217728,0.18,216006656,0.0005651812541059448,0.0037719954217462505,175255552
2025-05-12T04:30:46.475000,hash-gen-deployment,0.1,134217728,0.18,216006656,0.0005744024849321368,0.003811327225792247,175271936
2025-05-12T04:31:16.550000,hash-gen-deployment,0.1,134217728,0.18,216006656,0.0005744024849321368,0.003811327225792247,175271936
2025-05-12T04:31:46.644000,hash-gen-deployment,0.1,134217728,0.18,216006656,0.000576323586914174,0.003832891787069483,175263744
2025-05-12T04:32:16.718000,hash-gen-deployment,0.1,134217728,0.18,216006656,0.000576323586914174,0.003832891787069483,175263744
2025-05-12T04:32:46.791000,hash-gen-deployment,0.1,134217728,0.18,216006656,0.0005793530827681347,0.003830346737541349,175271936
2025-05-12T04:33:16.859000,hash-gen-deployment,0.1,134217728,0.18,216006656,0.0005793530827681347,0.003830346737541349,175271936
2025-05-12T04:33:46.919000,hash-gen-deployment,0.1,134217728,0.18,216006656,0.0005795215214787513,0.003776792564954027,175271936
2025-05-12T04:34:16.994000,hash-gen-deployment,0.1,134217728,0.18,216006656,0.0005795215214787513,0.003776792564954027,175271936
2025-05-12T04:34:47.073000,hash-gen-deployment,0.1,134217728,0.18,216006656,0.000576550490319624,0.0037562040634967365,175288320
2025-05-12T04:35:17.154000,hash-gen-deployment,0.1,134217728,0.18,216006656,0.000576550490319624,0.0037562040634967365,175288320
2025-05-12T04:35:47.233000,hash-gen-deployment,0.1,134217728,0.18,216006656,0.0005765188609896432,0.003732925865204177,175296512
2025-05-12T04:36:17.309000,hash-gen-deployment,0.1,134217728,0.18,216006656,0.0005765188609896432,0.003732925865204177,175296512
2025-05-12T04:36:47.383000,hash-gen-deployment,0.1,134217728,0.18,216006656,0.0005768391763287799,0.0037419776042009133,175292416
2025-05-12T04:37:17.461000,hash-gen-deployment,0.1,134217728,0.18,216006656,0.0005768391763287799,0.0037419776042009133,175292416
2025-05-12T04:37:47.529000,hash-gen-deployment,0.1,134217728,0.18,216006656,0.0005772111410065347,0.0037445663107604234,175296512
2025-05-12T04:38:17.602000,hash-gen-deployment,0.1,134217728,0.18,216006656,0.0005772111410065347,0.0037445663107604234,175296512
2025-05-12T04:38:47.678000,hash-gen-deployment,0.1,134217728,0.18,216006656,0.0005773449315084317,0.003727788104718947,175304704
2025-05-12T04:39:17.765000,hash-gen-deployment,0.1,134217728,0.18,216006656,0.0005773449315084317,0.003727788104718948,175304704
2025-05-12T04:39:47.832000,hash-gen-deployment,0.1,134217728,0.18,216006656,0.0005773948668515952,0.0037290072527530285,175312896
2025-05-12T04:40:17.897000,hash-gen-deployment,0.1,134217728,0.18,216006656,0.0005773948668515952,0.0037290072527530285,175312896
2025-05-12T04:40:47.972000,hash-gen-deployment,0.1,134217728,0.18,216006656,0.0005777047372725176,0.0037364822894202687,175329280
2025-05-12T04:41:18.042000,hash-gen-deployment,0.1,134217728,0.18,216006656,0.0005777047372725176,0.0037364822894202687,175329280
2025-05-12T04:41:48.114000,hash-gen-deployment,0.1,134217728,0.18,216006656,0.0005774501254752851,0.003735952881139362,175349760
2025-05-12T04:42:18.198000,hash-gen-deployment,0.1,134217728,0.18,216006656,0.0005774501254752851,0.003735952881139362,175349760
2025-05-12T04:42:48.274000,hash-gen-deployment,0.1,134217728,0.18,216006656,0.0005774904623668229,0.003732443312715662,175345664
2025-05-12T04:43:18.348000,hash-gen-deployment,0.1,134217728,0.18,216006656,0.0005774904623668229,0.003732443312715662,175345664
2025-05-12T04:43:48.425000,hash-gen-deployment,0.1,134217728,0.18,216006656,0.0005772019729729724,0.003723004045600849,175337472
2025-05-12T04:44:18.500000,hash-gen-deployment,0.1,134217728,0.18,216006656,0.0005772019729729724,0.003723004045600849,175337472
2025-05-12T04:44:48.573000,hash-gen-deployment,0.1,134217728,0.18,216006656,0.0005781200389029145,0.003740559080320875,175374336
2025-05-12T04:45:18.649000,hash-gen-deployment,0.1,134217728,0.18,216006656,0.0005781200389029145,0.003740559080320875,175374336
2025-05-12T04:45:48.733000,hash-gen-deployment,0.1,134217728,0.18,216006656,0.0005867959958251195,0.003703908862463212,175390720
2025-05-12T04:46:18.811000,hash-gen-deployment,0.1,134217728,0.18,216006656,0.0005867959958251195,0.003703908862463212,175390720
2025-05-12T04:46:48.888000,hash-gen-deployment,0.1,134217728,0.18,216006656,0.0005864748874248733,0.0036960955724967153,175370240
2025-05-12T04:47:18.968000,hash-gen-deployment,0.1,134217728,0.18,216006656,0.0005864748874248733,0.0036960955724967153,175370240
2025-05-12T04:47:49.047000,hash-gen-deployment,0.1,134217728,0.18,216006656,0.0005866185582907571,0.0037161175420458853,175398912
2025-05-12T04:48:19.142000,hash-gen-deployment,0.1,134217728,0.18,216006656,0.0005866185582907571,0.0037161175420458853,175398912
2025-05-12T04:48:49.207000,hash-gen-deployment,0.1,134217728,0.18,216006656,0.0005907851327586205,0.0037830681477542807,175431680
2025-05-12T04:49:19.281000,hash-gen-deployment,0.1,134217728,0.18,216006656,0.0005907851327586205,0.0037830681477542807,175431680
2025-05-12T04:49:49.357000,hash-gen-deployment,0.1,134217728,0.18,216006656,0.0005897303309178742,0.0037743659743802267,175411200
2025-05-12T04:50:19.419000,hash-gen-deployment,0.1,134217728,0.18,216006656,0.0005897303309178742,0.0037743659743802267,175411200
2025-05-12T04:50:49.496000,hash-gen-deployment,0.1,134217728,0.18,216006656,0.0005901003174290678,0.0037489781173689896,175427584
2025-05-12T04:51:19.569000,hash-gen-deployment,0.1,134217728,0.18,216006656,0.0005901003174290678,0.0037489781173689896,175427584
2025-05-12T04:51:49.649000,hash-gen-deployment,0.1,134217728,0.18,216006656,0.0005897489606481482,0.0037528809240585043,175435776
2025-05-12T04:52:19.714000,hash-gen-deployment,0.1,134217728,0.18,216006656,0.0005897489606481482,0.0037528809240585043,175435776
2025-05-12T04:52:49.796000,hash-gen-deployment,0.1,134217728,0.18,216006656,0.000589277933348762,0.0037602228257875812,175431680
2025-05-12T04:53:19.873000,hash-gen-deployment,0.1,134217728,0.18,216006656,0.000589277933348762,0.0037602228257875812,175431680
2025-05-12T04:53:49.952000,hash-gen-deployment,0.1,134217728,0.18,216006656,0.0005892851345975953,0.0037501502429256165,175435776
2025-05-12T04:54:20.025000,hash-gen-deployment,0.1,134217728,0.18,216006656,0.0005892851345975953,0.003750150242925618,175435776
2025-05-12T04:54:50.094000,hash-gen-deployment,0.1,134217728,0.18,216006656,0.0005870368659198526,0.003704542341402436,175423488
2025-05-12T04:55:20.171000,hash-gen-deployment,0.1,134217728,0.18,216006656,0.0005870368659198526,0.003704542341402436,175423488
2025-05-12T04:55:50.249000,hash-gen-deployment,0.1,134217728,0.18,216006656,0.0005872817511845602,0.003692572860640192,175423488
2025-05-12T04:56:20.320000,hash-gen-deployment,0.1,134217728,0.18,216006656,0.0005872817511845602,0.003692572860640192,175423488
2025-05-12T04:56:50.395000,hash-gen-deployment,0.1,134217728,0.18,216006656,0.0005864786612566662,0.003675942205022456,175452160
2025-05-12T04:57:20.468000,hash-gen-deployment,0.1,134217728,0.18,216006656,0.0005864786612566662,0.003675942205022456,175452160
2025-05-12T04:57:50.541000,hash-gen-deployment,0.1,134217728,0.18,216006656,0.0005862988518174435,0.0036610828671383953,175452160
2025-05-12T04:58:20.620000,hash-gen-deployment,0.1,134217728,0.18,216006656,0.0005862988518174435,0.0036610828671383945,175452160
2025-05-12T04:58:50.701000,hash-gen-deployment,0.1,134217728,0.18,216006656,0.0005863719499651727,0.0036612904635083265,175452160
2025-05-12T04:59:20.773000,hash-gen-deployment,0.1,134217728,0.18,216006656,0.0005863719499651727,0.0036612904635083257,175452160
2025-05-12T04:59:50.847000,hash-gen-deployment,0.1,134217728,0.18,216006656,0.0005858880862627199,0.0036770751450509185,175423488
2025-05-12T05:00:20.935000,hash-gen-deployment,0.1,134217728,0.18,216006656,0.0005858880862627199,0.0036770751450509185,175423488
2025-05-12T05:00:51.008000,hash-gen-deployment,0.1,134217728,0.18,216006656,0.0005858220997108154,0.003659720967421352,175448064
2025-05-12T05:01:21.087000,hash-gen-deployment,0.1,134217728,0.18,216006656,0.0005858220997108154,0.0036597209674213518,175448064
2025-05-12T05:01:51.169000,hash-gen-deployment,0.1,134217728,0.18,216006656,0.0005865888796188706,0.0036479031961821383,175431680
2025-05-12T05:02:21.247000,hash-gen-deployment,0.1,134217728,0.18,216006656,0.0005865888796188706,0.0036479031961821383,175431680
2025-05-12T05:02:51.322000,hash-gen-deployment,0.1,134217728,0.18,216006656,0.0005869346034764348,0.0036382177831766178,175439872
2025-05-12T05:03:21.398000,hash-gen-deployment,0.1,134217728,0.18,216006656,0.0005869346034764348,0.0036382177831766178,175439872
2025-05-12T05:03:51.479000,hash-gen-deployment,0.1,134217728,0.18,216006656,0.0005861278795518202,0.003633554490636872,175439872
2025-05-12T05:04:21.559000,hash-gen-deployment,0.1,134217728,0.18,216006656,0.0005861278795518202,0.003633554490636872,175439872
2025-05-12T05:04:51.629000,hash-gen-deployment,0.1,134217728,0.18,216006656,0.0005864464650888966,0.0036070843607189187,175460352
2025-05-12T05:05:21.711000,hash-gen-deployment,0.1,134217728,0.18,216006656,0.0005864464650888966,0.0036070843607189187,175460352
2025-05-12T05:05:51.788000,hash-gen-deployment,0.1,134217728,0.18,216006656,0.0005868630759853238,0.003599190639545884,175452160
2025-05-12T05:06:21.868000,hash-gen-deployment,0.1,134217728,0.18,216006656,0.0005868630759853238,0.003599190639545884,175452160
2025-05-12T05:06:51.955000,hash-gen-deployment,0.1,134217728,0.18,216006656,0.0005883771185615947,0.0035955240464663617,175452160
2025-05-12T05:07:22.039000,hash-gen-deployment,0.1,134217728,0.18,216006656,0.0005883771185615947,0.0035955240464663617,175452160
2025-05-12T05:07:52.115000,hash-gen-deployment,0.1,134217728,0.18,216006656,0.0005869324626655727,0.0036096343139950496,175456256
2025-05-12T05:08:22.194000,hash-gen-deployment,0.1,134217728,0.18,216006656,0.0005869324626655727,0.0036096343139950496,175456256
2025-05-12T05:08:52.270000,hash-gen-deployment,0.1,134217728,0.18,216006656,0.0005865482848101273,0.003606119432250132,175452160
2025-05-12T05:09:22.342000,hash-gen-deployment,0.1,134217728,0.18,216006656,0.0005865482848101273,0.003606119432250133,175452160
2025-05-12T05:09:52.406000,hash-gen-deployment,0.1,134217728,0.18,216006656,0.0005866278137197616,0.0036119289169937703,175468544
2025-05-12T05:10:22.483000,hash-gen-deployment,0.1,134217728,0.18,216006656,0.0005866278137197616,0.0036119289169937703,175468544
2025-05-12T05:10:52.557000,hash-gen-deployment,0.1,134217728,0.18,216006656,0.0005854399207643906,0.0036236511758515905,175460352
2025-05-12T05:11:22.623000,hash-gen-deployment,0.1,134217728,0.18,216006656,0.0005854399207643906,0.0036236511758515905,175460352
2025-05-12T05:11:52.692000,hash-gen-deployment,0.1,134217728,0.18,216006656,0.000585534221080891,0.003613465388316202,175460352
2025-05-12T05:12:22.769000,hash-gen-deployment,0.1,134217728,0.18,216006656,0.000585534221080891,0.0036134653883162023,175460352
2025-05-12T05:12:52.853000,hash-gen-deployment,0.1,134217728,0.18,216006656,0.0005826975568208229,0.0035941924266268163,175468544
2025-05-12T05:13:22.928000,hash-gen-deployment,0.1,134217728,0.18,216006656,0.0005826975568208229,0.0035941924266268163,175468544
2025-05-12T05:13:52.997000,hash-gen-deployment,0.1,134217728,0.18,216006656,0.0005823930186545413,0.003572013111310624,175464448
2025-05-12T05:14:23.071000,hash-gen-deployment,0.1,134217728,0.18,216006656,0.0005823930186545413,0.003572013111310624,175464448
2025-05-12T05:14:53.145000,hash-gen-deployment,0.1,134217728,0.18,216006656,0.0005826388345838221,0.0035206473116492494,175480832
2025-05-12T05:15:23.215000,hash-gen-deployment,0.1,134217728,0.18,216006656,0.0005826388345838221,0.0035206473116492485,175480832
2025-05-12T05:15:53.286000,hash-gen-deployment,0.1,134217728,0.18,216006656,0.0005819706857579677,0.0035201289336367994,175480832
2025-05-12T05:16:23.356000,hash-gen-deployment,0.1,134217728,0.18,216006656,0.0005819706857579677,0.0035201289336367994,175480832
2025-05-12T05:16:53.431000,hash-gen-deployment,0.1,134217728,0.18,216006656,0.0005816916081383037,0.003525090351444623,175484928
2025-05-12T05:17:23.505000,hash-gen-deployment,0.1,134217728,0.18,216006656,0.0005816916081383037,0.003525090351444623,175484928
2025-05-12T05:17:53.581000,hash-gen-deployment,0.1,134217728,0.18,216006656,0.00058071673485821,0.0035380961871160155,175480832
2025-05-12T05:18:23.658000,hash-gen-deployment,0.1,134217728,0.18,216006656,0.00058071673485821,0.0035380961871160155,175480832
2025-05-12T05:18:53.740000,hash-gen-deployment,0.1,134217728,0.18,216006656,0.0005786763462257531,0.0034886682444554055,175480832
2025-05-12T05:19:23.822000,hash-gen-deployment,0.1,134217728,0.18,216006656,0.0005786763462257531,0.0034886682444554055,175480832
2025-05-12T05:19:53.890000,hash-gen-deployment,0.1,134217728,0.18,216006656,0.0005773432389401197,0.003499092359889669,175505408
2025-05-12T05:20:23.963000,hash-gen-deployment,0.1,134217728,0.18,216006656,0.0005773432389401197,0.003499092359889669,175505408
2025-05-12T05:20:54.036000,hash-gen-deployment,0.1,134217728,0.18,216006656,0.0005765619579303112,0.003500765230985339,175517696
2025-05-12T05:21:24.107000,hash-gen-deployment,0.1,134217728,0.18,216006656,0.0005765619579303112,0.003500765230985339,175517696
2025-05-12T05:21:54.179000,hash-gen-deployment,0.1,134217728,0.18,216006656,0.0005757744506337945,0.0035154289356791597,175525888
2025-05-12T05:22:24.258000,hash-gen-deployment,0.1,134217728,0.18,216006656,0.0005757744506337945,0.0035154289356791597,175525888
2025-05-12T05:22:54.343000,hash-gen-deployment,0.1,134217728,0.18,216006656,0.000573931076557795,0.00357252280671067,175554560
2025-05-12T05:23:24.417000,hash-gen-deployment,0.1,134217728,0.18,216006656,0.000573931076557795,0.00357252280671067,175554560
2025-05-12T05:23:54.488000,hash-gen-deployment,0.1,134217728,0.18,216006656,0.000572887404355842,0.0035887138327920162,175554560
2025-05-12T05:24:24.567000,hash-gen-deployment,0.1,134217728,0.18,216006656,0.000572887404355842,0.0035887138327920162,175554560
2025-05-12T05:24:54.646000,hash-gen-deployment,0.1,134217728,0.18,216006656,0.0005731585382497999,0.0036632413364939597,175595520
2025-05-12T05:25:24.718000,hash-gen-deployment,0.1,134217728,0.18,216006656,0.0005731585382497999,0.0036632413364939597,175595520
2025-05-12T05:25:54.800000,hash-gen-deployment,0.1,134217728,0.18,216006656,0.0005727950724853768,0.003660410711790699,175599616
2025-05-12T05:26:24.881000,hash-gen-deployment,0.1,134217728,0.18,216006656,0.0005727950724853768,0.0036604107117906987,175599616
2025-05-12T05:26:54.964000,hash-gen-deployment,0.1,134217728,0.18,216006656,0.0005721713637196523,0.0036732547001457243,175644672
2025-05-12T05:27:25.040000,hash-gen-deployment,0.1,134217728,0.18,216006656,0.0005721713637196523,0.0036732547001457243,175644672
2025-05-12T05:27:55.113000,hash-gen-deployment,0.1,134217728,0.18,216006656,0.0005718084615121059,0.0036694781617257633,175652864
2025-05-12T05:28:25.188000,hash-gen-deployment,0.1,134217728,0.18,216006656,0.0005718084615121059,0.0036694781617257633,175652864
2025-05-12T05:28:55.270000,hash-gen-deployment,0.1,134217728,0.18,216006656,0.0005711855035355839,0.003676226294261099,175652864
2025-05-12T05:29:25.349000,hash-gen-deployment,0.1,134217728,0.18,216006656,0.0005711855035355839,0.0036137545683935374,175652864
2025-05-12T05:29:55.418000,hash-gen-deployment,0.1,134217728,0.18,216006656,0.0005626404695553026,0.003662728405133095,175648768
2025-05-12T05:30:25.487000,hash-gen-deployment,0.1,134217728,0.18,216006656,0.0005626404695553026,0.003662728405133095,175648768
2025-05-12T05:30:55.549000,hash-gen-deployment,0.1,134217728,0.18,216006656,0.0005614101026724537,0.00365048610538887,175648768
2025-05-12T05:31:25.684000,hash-gen-deployment,0.1,134217728,0.18,216006656,0.0005614101026724537,0.00365048610538887,175648768
