Timestamp,Service,CPU Request,Memory Request,CPU Limit,Memory Limit,Latency,CPU Usage,Memory Usage
2025-05-12T00:24:38.863000,hash-gen-deployment,0.1,134217728,0.2,268435456,0.020389652840088056,0.035586941535081025,82288640
2025-05-12T00:25:08.947000,hash-gen-deployment,0.1,134217728,0.2,268435456,0.020389661459172377,0.04088779115990534,82288640
2025-05-12T00:25:39.020000,hash-gen-deployment,0.1,134217728,0.2,268435456,0.020884117452825982,0.04227575975506734,82288640
2025-05-12T00:26:09.086000,hash-gen-deployment,0.1,134217728,0.2,268435456,0.020360899856558645,0.04029352301508578,82288640
2025-05-12T00:26:39.147000,hash-gen-deployment,0.1,134217728,0.2,268435456,0.02075391095762268,0.041202053897714294,82288640
2025-05-12T00:27:09.209000,hash-gen-deployment,0.1,134217728,0.2,268435456,0.020475586034073005,0.04015393059895114,82288640
2025-05-12T00:27:39.283000,hash-gen-deployment,0.1,134217728,0.2,268435456,0.020888666612196575,0.04038070723122754,152895488
2025-05-12T00:28:09.348000,hash-gen-deployment,0.1,134217728,0.2,268435456,0.020682436695166666,0.03982072631824044,154537984
2025-05-12T00:28:39.411000,hash-gen-deployment,0.1,134217728,0.2,268435456,0.02103933668635309,0.03854675711330186,154537984
2025-05-12T00:29:09.491000,hash-gen-deployment,0.1,134217728,0.2,268435456,0.020710423029107503,0.03837221341214758,159129600
2025-05-12T00:29:39.559000,hash-gen-deployment,0.1,134217728,0.2,268435456,0.01873726860288896,0.038426261102162435,159129600
2025-05-12T00:30:09.636000,hash-gen-deployment,0.1,134217728,0.2,268435456,0.01863099620960702,0.035840543778091365,159440896
2025-05-12T00:30:39.710000,hash-gen-deployment,0.1,134217728,0.2,268435456,0.01843195196130064,0.0351545027385086,159440896
2025-05-12T00:31:09.798000,hash-gen-deployment,0.1,134217728,0.2,268435456,0.01815099053445012,0.03517924403604134,160247808
2025-05-12T00:31:39.882000,hash-gen-deployment,0.1,134217728,0.2,268435456,0.018154134780590102,0.03539972296112422,160247808
2025-05-12T00:32:09.973000,hash-gen-deployment,0.1,134217728,0.2,268435456,0.017898816014825868,0.03519504611800277,160444416
2025-05-12T00:32:40.050000,hash-gen-deployment,0.1,134217728,0.2,268435456,0.018013827099541392,0.03510102496534213,160444416
2025-05-12T00:33:10.149000,hash-gen-deployment,0.1,134217728,0.2,268435456,0.017879244589130747,0.035109178636402776,160649216
2025-05-12T00:33:40.226000,hash-gen-deployment,0.1,134217728,0.2,268435456,0.01808034855994505,0.03501202657069807,160649216
2025-05-12T00:34:10.300000,hash-gen-deployment,0.1,134217728,0.2,268435456,0.017897524887652748,0.03497171051501753,160874496
2025-05-12T00:34:40.366000,hash-gen-deployment,0.1,134217728,0.2,268435456,0.018015753990244184,0.034863786031304474,160874496
2025-05-12T00:35:10.431000,hash-gen-deployment,0.1,134217728,0.18,242221056,0.01803700285593959,0.03455990272598998,160874496
2025-05-12T00:35:40.499000,hash-gen-deployment,0.1,134217728,0.18,242221056,0.013596840633641001,0.03386477897237414,160874496
2025-05-12T00:36:10.563000,hash-gen-deployment,0.1,134217728,0.18,242221056,0.013596840633641001,0.038461979434684254,160874496
2025-05-12T00:36:40.634000,hash-gen-deployment,0.1,134217728,0.18,242221056,0.013596840633641001,0.03548356542920639,160874496
2025-05-12T00:37:10.719000,hash-gen-deployment,0.1,134217728,0.2,268435456,0.013708058848443096,0.03520704136321646,160874496
2025-05-12T00:37:40.794000,hash-gen-deployment,0.1,134217728,0.2,268435456,0.013595880753175167,0.034724638008986716,160874496
2025-05-12T00:38:10.878000,hash-gen-deployment,0.1,134217728,0.2,268435456,0.013582530530090021,0.037849044775225896,160874496
2025-05-12T00:38:40.950000,hash-gen-deployment,0.1,134217728,0.2,268435456,0.013638236302812213,0.03839037846460408,123883520
2025-05-12T00:39:11.029000,hash-gen-deployment,0.1,134217728,0.2,268435456,0.01341377464580008,0.037180640813111926,123883520
2025-05-12T00:39:41.109000,hash-gen-deployment,0.1,134217728,0.2,268435456,0.01351824385153358,0.03764444864324789,123883520
2025-05-12T00:40:11.186000,hash-gen-deployment,0.1,134217728,0.2,268435456,0.013354110673123452,0.03699750804190119,123883520
2025-05-12T00:40:41.256000,hash-gen-deployment,0.1,134217728,0.2,268435456,0.013499108849720932,0.036797339599214746,154226688
2025-05-12T00:41:11.336000,hash-gen-deployment,0.1,134217728,0.2,268435456,0.01333313813486059,0.036832110365567994,155770880
2025-05-12T00:41:41.418000,hash-gen-deployment,0.1,134217728,0.2,268435456,0.013500271603900991,0.036764361735947236,155770880
2025-05-12T00:42:11.491000,hash-gen-deployment,0.1,134217728,0.2,268435456,0.013291488464724808,0.03687138702544266,158138368
2025-05-12T00:42:41.576000,hash-gen-deployment,0.1,134217728,0.2,268435456,0.01346868615952525,0.03713218259019642,158138368
2025-05-12T00:43:11.648000,hash-gen-deployment,0.1,134217728,0.2,268435456,0.013286585322771095,0.036791020989093134,163135488
2025-05-12T00:43:41.732000,hash-gen-deployment,0.1,134217728,0.2,268435456,0.013480614643736571,0.03684350568404802,163135488
2025-05-12T00:44:11.811000,hash-gen-deployment,0.1,134217728,0.2,268435456,0.013369468808734408,0.03684212418682589,163913728
2025-05-12T00:44:41.890000,hash-gen-deployment,0.1,134217728,0.2,268435456,0.013611552617641633,0.03684731249215037,163913728
2025-05-12T00:45:11.967000,hash-gen-deployment,0.1,134217728,0.2,268435456,0.013397461243975195,0.036735350220571755,164175872
2025-05-12T00:45:42.055000,hash-gen-deployment,0.1,134217728,0.2,268435456,0.00918768717978471,0.034348502686667545,164175872
2025-05-12T00:46:12.132000,hash-gen-deployment,0.1,134217728,0.2,268435456,0.009205081687494938,0.03408782320677925,166080512
2025-05-12T00:46:42.212000,hash-gen-deployment,0.1,134217728,0.2,268435456,0.009051851424423607,0.03354041829377262,166080512
2025-05-12T00:47:12.291000,hash-gen-deployment,0.1,134217728,0.2,268435456,0.008908002239727725,0.033147298215404075,162168832
2025-05-12T00:47:42.357000,hash-gen-deployment,0.1,134217728,0.2,268435456,0.0089305550987479,0.03294277579497273,162570240
2025-05-12T00:48:12.431000,hash-gen-deployment,0.1,134217728,0.2,268435456,0.008960961928622406,0.032900292904578105,162570240
2025-05-12T00:48:42.510000,hash-gen-deployment,0.1,134217728,0.2,268435456,0.00887588774575928,0.032745615405453,162701312
2025-05-12T00:49:12.587000,hash-gen-deployment,0.1,134217728,0.2,268435456,0.008864436477099715,0.03269088698670065,162701312
2025-05-12T00:49:42.667000,hash-gen-deployment,0.1,134217728,0.2,268435456,0.00877478806389713,0.03263285065976183,162795520
2025-05-12T00:50:12.750000,hash-gen-deployment,0.1,134217728,0.2,268435456,0.008807663999268111,0.03256398312774151,162795520
2025-05-12T00:50:42.828000,hash-gen-deployment,0.1,134217728,0.2,268435456,0.008713942293863733,0.032523717037935454,163098624
2025-05-12T00:51:12.899000,hash-gen-deployment,0.1,134217728,0.2,268435456,0.008752826955872354,0.032445568473473796,163098624
2025-05-12T00:51:42.984000,hash-gen-deployment,0.1,134217728,0.2,268435456,0.00865241381136439,0.032355682993447335,163160064
2025-05-12T00:52:13.063000,hash-gen-deployment,0.1,134217728,0.2,268435456,0.008693238956353518,0.032266671814997205,163160064
2025-05-12T00:52:43.147000,hash-gen-deployment,0.1,134217728,0.2,268435456,0.008586953605364812,0.03225041590661197,163270656
2025-05-12T00:53:13.225000,hash-gen-deployment,0.1,134217728,0.2,268435456,0.00866253938999456,0.032153263646718236,163270656
2025-05-12T00:53:43.301000,hash-gen-deployment,0.1,134217728,0.2,268435456,0.00855099769072079,0.03237954570473752,163475456
2025-05-12T00:54:13.374000,hash-gen-deployment,0.1,134217728,0.2,268435456,0.00855499403696548,0.03226795175963241,163475456
2025-05-12T00:54:43.444000,hash-gen-deployment,0.1,134217728,0.2,268435456,0.008439121267236302,0.032326281446377156,165867520
2025-05-12T00:55:13.523000,hash-gen-deployment,0.1,134217728,0.2,268435456,0.008592949015591033,0.0322077034368949,165867520
2025-05-12T00:55:43.594000,hash-gen-deployment,0.1,134217728,0.2,268435456,0.008472021608565902,0.032438342057225435,166146048
2025-05-12T00:56:13.670000,hash-gen-deployment,0.1,134217728,0.2,268435456,0.008544954468166839,0.03230889087472858,166146048
2025-05-12T00:56:43.743000,hash-gen-deployment,0.1,134217728,0.2,268435456,0.008418494665512007,0.03236935661904315,166338560
2025-05-12T00:57:13.817000,hash-gen-deployment,0.1,134217728,0.2,268435456,0.008492679544019473,0.032229730978453,166338560
2025-05-12T00:57:43.890000,hash-gen-deployment,0.1,134217728,0.2,268435456,0.008360167324677424,0.032458001567484546,162840576
2025-05-12T00:58:13.966000,hash-gen-deployment,0.1,134217728,0.2,268435456,0.008494189706325046,0.032305224007268755,162840576
2025-05-12T00:58:44.045000,hash-gen-deployment,0.1,134217728,0.2,268435456,0.008353701559742601,0.032369768678816746,163676160
2025-05-12T00:59:14.121000,hash-gen-deployment,0.1,134217728,0.2,268435456,0.00847625422309815,0.032205160116754096,163676160
2025-05-12T00:59:44.200000,hash-gen-deployment,0.1,134217728,0.2,268435456,0.008328776736855016,0.03220551337376579,163717120
2025-05-12T01:00:14.277000,hash-gen-deployment,0.1,134217728,0.2,268435456,0.008558629992574566,0.03202798491789392,163717120
2025-05-12T01:00:44.352000,hash-gen-deployment,0.1,134217728,0.2,268435456,0.008400781405775128,0.03234429414121527,163766272
2025-05-12T01:01:14.432000,hash-gen-deployment,0.1,134217728,0.2,268435456,0.008605821386337002,0.032147882050162134,163766272
2025-05-12T01:01:44.512000,hash-gen-deployment,0.1,134217728,0.2,268435456,0.008438852303049475,0.032179388183283905,163794944
2025-05-12T01:02:14.589000,hash-gen-deployment,0.1,134217728,0.2,268435456,0.008671901903834062,0.03196771950938028,163794944
2025-05-12T01:02:44.671000,hash-gen-deployment,0.1,134217728,0.2,268435456,0.00849396552624976,0.03217337416795471,163835904
2025-05-12T01:03:14.737000,hash-gen-deployment,0.1,134217728,0.2,268435456,0.008735489744437832,0.03194371394018334,163835904
2025-05-12T01:03:44.814000,hash-gen-deployment,0.1,134217728,0.2,268435456,0.00854556244221798,0.032053886530887046,163958784
2025-05-12T01:04:14.895000,hash-gen-deployment,0.1,134217728,0.2,268435456,0.008781505993038598,0.03180504296974436,163958784
2025-05-12T01:04:44.979000,hash-gen-deployment,0.1,134217728,0.2,268435456,0.008579040164124866,0.031866204457836,164016128
2025-05-12T01:05:15.065000,hash-gen-deployment,0.1,134217728,0.2,268435456,0.008819236550598096,0.031599830925318824,164016128
2025-05-12T01:05:45.136000,hash-gen-deployment,0.1,134217728,0.2,268435456,0.008602825915195138,0.03169602880152839,164040704
2025-05-12T01:06:15.211000,hash-gen-deployment,0.1,134217728,0.2,268435456,0.00622032913191548,0.03141267713312324,164040704
2025-05-12T01:06:45.288000,hash-gen-deployment,0.1,134217728,0.2,268435456,0.0061795943228427205,0.028372815414371443,164102144
2025-05-12T01:07:15.363000,hash-gen-deployment,0.1,134217728,0.2,268435456,0.006213793935775013,0.028166985073730753,164102144
2025-05-12T01:07:45.447000,hash-gen-deployment,0.1,134217728,0.2,268435456,0.0060463492437177095,0.02759120278001151,164089856
2025-05-12T01:08:15.529000,hash-gen-deployment,0.1,134217728,0.2,268435456,0.0059967612201667474,0.027390627550959737,164089856
2025-05-12T01:08:45.608000,hash-gen-deployment,0.1,134217728,0.2,268435456,0.005848803879222446,0.027262517487404693,164155392
2025-05-12T01:09:15.689000,hash-gen-deployment,0.1,134217728,0.2,268435456,0.0059399287588350145,0.027053450514112357,164155392
2025-05-12T01:09:45.769000,hash-gen-deployment,0.1,134217728,0.2,268435456,0.005782150342820211,0.027066537827020665,164339712
2025-05-12T01:10:15.842000,hash-gen-deployment,0.1,134217728,0.2,268435456,0.0058798715865982214,0.02684181648198068,164339712
2025-05-12T01:10:45.922000,hash-gen-deployment,0.1,134217728,0.2,268435456,0.0057102170862220756,0.026817768443763747,164405248
2025-05-12T01:11:16.001000,hash-gen-deployment,0.1,134217728,0.2,268435456,0.0058673577595788,0.02657703003402711,164405248
2025-05-12T01:11:46.073000,hash-gen-deployment,0.1,134217728,0.2,268435456,0.005680175741511117,0.026639423985457558,164569088
2025-05-12T01:12:16.145000,hash-gen-deployment,0.1,134217728,0.2,268435456,0.005901424259981564,0.026379437487776273,164569088
2025-05-12T01:12:46.221000,hash-gen-deployment,0.1,134217728,0.2,268435456,0.0056919722812871065,0.026799739448672238,164384768
2025-05-12T01:13:16.299000,hash-gen-deployment,0.1,134217728,0.2,268435456,0.0059644939321555806,0.026514430165755783,164384768
2025-05-12T01:13:46.379000,hash-gen-deployment,0.1,134217728,0.2,268435456,0.005728262948568082,0.026966532684208278,165859328
2025-05-12T01:14:16.456000,hash-gen-deployment,0.1,134217728,0.2,268435456,0.006135958888205289,0.0266419249102347,165859328
2025-05-12T01:14:46.545000,hash-gen-deployment,0.1,134217728,0.2,268435456,0.00585668891016685,0.027380070000355524,167829504
2025-05-12T01:15:16.643000,hash-gen-deployment,0.1,134217728,0.2,268435456,0.0023733846106322163,0.02701487096422195,167829504
2025-05-12T01:15:46.722000,hash-gen-deployment,0.1,134217728,0.2,268435456,0.0023686552077531067,0.026919565502326076,165068800
2025-05-12T01:16:16.803000,hash-gen-deployment,0.1,134217728,0.2,268435456,0.002375677603390228,0.026535466790515813,165068800
2025-05-12T01:16:46.884000,hash-gen-deployment,0.1,134217728,0.2,268435456,0.0023711473521809585,0.023672193517988167,168312832
2025-05-12T01:17:16.970000,hash-gen-deployment,0.1,134217728,0.2,268435456,0.0023860142254948694,0.023505945593319446,168312832
2025-05-12T01:17:47.039000,hash-gen-deployment,0.1,134217728,0.2,268435456,0.0023513161793654726,0.023265359431846093,168337408
2025-05-12T01:18:17.117000,hash-gen-deployment,0.1,134217728,0.2,268435456,0.002285176185409967,0.023088705759251385,168337408
2025-05-12T01:18:47.181000,hash-gen-deployment,0.1,134217728,0.2,268435456,0.002262519169323885,0.023125964896374758,170487808
2025-05-12T01:19:17.248000,hash-gen-deployment,0.1,134217728,0.2,268435456,0.0021788899536586853,0.022913955982827174,170487808
2025-05-12T01:19:47.323000,hash-gen-deployment,0.1,134217728,0.2,268435456,0.002164546598819789,0.023110807305743542,170520576
2025-05-12T01:20:17.401000,hash-gen-deployment,0.1,134217728,0.2,268435456,0.002094896218590767,0.0228154622592655,170520576
2025-05-12T01:20:47.480000,hash-gen-deployment,0.1,134217728,0.2,268435456,0.0020922613503027974,0.02337925153635466,170528768
2025-05-12T01:21:17.560000,hash-gen-deployment,0.1,134217728,0.2,268435456,0.002064860792202823,0.022865067656741747,170528768
2025-05-12T01:21:47.637000,hash-gen-deployment,0.1,134217728,0.2,268435456,0.002062268042447536,0.02053400597345234,170704896
2025-05-12T01:22:17.719000,hash-gen-deployment,0.1,134217728,0.2,268435456,0.0020365429320746533,0.020650987891371923,170704896
2025-05-12T01:22:47.795000,hash-gen-deployment,0.1,134217728,0.2,268435456,0.0020340051962610237,0.020775765446942145,172392448
2025-05-12T01:23:17.877000,hash-gen-deployment,0.1,134217728,0.2,268435456,0.002015160057193262,0.02064085888248688,172392448
2025-05-12T01:23:47.952000,hash-gen-deployment,0.1,134217728,0.2,268435456,0.002012688586881065,0.01817443860919005,172429312
2025-05-12T01:24:18.033000,hash-gen-deployment,0.1,134217728,0.2,268435456,0.0019973481348836385,0.018148635155227973,172429312
2025-05-12T01:24:48.102000,hash-gen-deployment,0.1,134217728,0.2,268435456,0.001983311317159831,0.01752008607433711,172437504
2025-05-12T01:25:18.181000,hash-gen-deployment,0.1,134217728,0.2,268435456,0.001807094337359822,0.017516214394579486,172437504
2025-05-12T01:25:48.260000,hash-gen-deployment,0.1,134217728,0.2,268435456,0.001800626406872055,0.017305574710909575,172437504
2025-05-12T01:26:18.338000,hash-gen-deployment,0.1,134217728,0.2,268435456,0.0017635225902618622,0.017300673217170215,172437504
2025-05-12T01:26:48.421000,hash-gen-deployment,0.1,134217728,0.2,268435456,0.0017311127004849887,0.017224172677371787,172441600
2025-05-12T01:27:18.496000,hash-gen-deployment,0.1,134217728,0.2,268435456,0.00173138418024505,0.017212461798844156,172441600
2025-05-12T01:27:48.589000,hash-gen-deployment,0.1,134217728,0.2,268435456,0.0017097643391811082,0.017148581844848666,172478464
2025-05-12T01:28:18.665000,hash-gen-deployment,0.1,134217728,0.2,268435456,0.0017227850951783972,0.017136774334898672,172478464
2025-05-12T01:28:48.734000,hash-gen-deployment,0.1,134217728,0.2,268435456,0.0016984769783288,0.017134187102014944,172556288
2025-05-12T01:29:18.824000,hash-gen-deployment,0.1,134217728,0.2,268435456,0.0016983941331931995,0.017111465404272122,172556288
2025-05-12T01:29:48.906000,hash-gen-deployment,0.1,134217728,0.2,268435456,0.001662897568270354,0.01690276489637249,172597248
2025-05-12T01:30:18.979000,hash-gen-deployment,0.1,134217728,0.2,268435456,0.0016257015021885484,0.016881030909151315,172597248
2025-05-12T01:30:49.049000,hash-gen-deployment,0.1,134217728,0.2,268435456,0.0016190792281444361,0.016529653942658176,172597248
2025-05-12T01:31:19.112000,hash-gen-deployment,0.1,134217728,0.2,242221056,0.001602697098951028,0.016431290528595984,172597248
2025-05-12T01:31:49.177000,hash-gen-deployment,0.1,134217728,0.2,242221056,0.0015977991229755694,0.020256021779578914,172597248
2025-05-12T01:32:19.242000,hash-gen-deployment,0.1,134217728,0.2,242221056,0.0015792110499332187,0.021366611139438548,172597248
2025-05-12T01:32:49.322000,hash-gen-deployment,0.1,134217728,0.2,242221056,0.0015771903140199004,0.0208782458974652,172597248
2025-05-12T01:33:19.396000,hash-gen-deployment,0.1,134217728,0.2,242221056,0.0018747892903792647,0.021817447347580173,172597248
2025-05-12T01:33:49.484000,hash-gen-deployment,0.1,134217728,0.2,242221056,0.0019533349521307013,0.020839081854762777,172597248
2025-05-12T01:34:19.554000,hash-gen-deployment,0.1,134217728,0.2,242221056,0.0019149340079659073,0.021507019292907725,172597248
2025-05-12T01:34:49.641000,hash-gen-deployment,0.1,134217728,0.2,242221056,0.001975106177453798,0.016712358655704047,164696064
2025-05-12T01:35:19.720000,hash-gen-deployment,0.1,134217728,0.2,242221056,0.0019375206044574217,0.01726599827269817,164696064
2025-05-12T01:35:49.790000,hash-gen-deployment,0.1,134217728,0.2,242221056,0.001983790942499102,0.017065480198181816,164655104
2025-05-12T01:36:19.865000,hash-gen-deployment,0.1,134217728,0.2,242221056,0.0021062256000147204,0.017439018820965085,164655104
2025-05-12T01:36:49.932000,hash-gen-deployment,0.1,134217728,0.2,242221056,0.0021602805220650332,0.015715515533121144,168730624
2025-05-12T01:37:19.996000,hash-gen-deployment,0.1,134217728,0.2,242221056,0.0021284402123419068,0.01605540498347821,168730624
2025-05-12T01:37:50.075000,hash-gen-deployment,0.1,134217728,0.2,242221056,0.002070819460995239,0.015350974015013443,169164800
2025-05-12T01:38:20.156000,hash-gen-deployment,0.1,134217728,0.2,242221056,0.0020468219391383677,0.015649095525634454,169164800
2025-05-12T01:38:50.231000,hash-gen-deployment,0.1,134217728,0.2,242221056,0.002017518893835627,0.01525514081904029,169447424
2025-05-12T01:39:20.294000,hash-gen-deployment,0.1,134217728,0.2,242221056,0.0019904671721412974,0.015525235919253269,169447424
2025-05-12T01:39:50.368000,hash-gen-deployment,0.1,134217728,0.2,242221056,0.001996822563854619,0.01513166542878671,168357888
2025-05-12T01:40:20.444000,hash-gen-deployment,0.1,134217728,0.2,242221056,0.0019624797318113013,0.015377895770757474,168357888
2025-05-12T01:40:50.526000,hash-gen-deployment,0.1,134217728,0.2,242221056,0.001946153622997225,0.014837449425888452,168480768
2025-05-12T01:41:20.607000,hash-gen-deployment,0.1,134217728,0.2,242221056,0.0019145734980039854,0.015060188813641084,168480768
2025-05-12T01:41:50.683000,hash-gen-deployment,0.1,134217728,0.2,242221056,0.0019167483433107167,0.01477121518223535,168853504
2025-05-12T01:42:20.763000,hash-gen-deployment,0.1,134217728,0.2,242221056,0.0018947338124616693,0.014978553352206166,168853504
2025-05-12T01:42:50.844000,hash-gen-deployment,0.1,134217728,0.2,242221056,0.0018996481943093942,0.014701452378919667,169058304
2025-05-12T01:43:20.924000,hash-gen-deployment,0.1,134217728,0.2,242221056,0.0018713013003837926,0.014894484393959684,169058304
2025-05-12T01:43:51,hash-gen-deployment,0.1,134217728,0.2,242221056,0.001892466105206247,0.014727747195094804,169828352
2025-05-12T01:44:21.083000,hash-gen-deployment,0.1,134217728,0.2,242221056,0.0018722125072744712,0.014908382387529503,169828352
2025-05-12T01:44:51.164000,hash-gen-deployment,0.1,134217728,0.2,242221056,0.0018791832478916703,0.01455924150830765,170008576
2025-05-12T01:45:21.241000,hash-gen-deployment,0.1,134217728,0.2,242221056,0.001855072562428463,0.014727398246072786,170008576
2025-05-12T01:45:51.317000,hash-gen-deployment,0.1,134217728,0.2,242221056,0.0018643750432733256,0.014656539703462151,170409984
2025-05-12T01:46:21.384000,hash-gen-deployment,0.1,134217728,0.2,242221056,0.0018404670314197792,0.014815022510813122,170409984
2025-05-12T01:46:51.463000,hash-gen-deployment,0.1,134217728,0.2,242221056,0.0018112986460968414,0.014434536416444009,170483712
2025-05-12T01:47:21.546000,hash-gen-deployment,0.1,134217728,0.2,242221056,0.0017826215124771446,0.014583049725588968,170483712
2025-05-12T01:47:51.628000,hash-gen-deployment,0.1,134217728,0.2,242221056,0.001797880406510273,0.014376254637999226,170872832
2025-05-12T01:48:21.707000,hash-gen-deployment,0.1,134217728,0.2,242221056,0.001786165936320742,0.014514931281986158,170872832
2025-05-12T01:48:51.788000,hash-gen-deployment,0.1,134217728,0.2,242221056,0.0018046487240260874,0.01439330100380136,170979328
2025-05-12T01:49:21.867000,hash-gen-deployment,0.1,134217728,0.2,242221056,0.0017784035823005578,0.014524866913689396,170979328
2025-05-12T01:49:51.943000,hash-gen-deployment,0.1,134217728,0.2,242221056,0.0017992569424735534,0.014269773610065869,171057152
2025-05-12T01:50:22.023000,hash-gen-deployment,0.1,134217728,0.2,242221056,0.0017828801297417995,0.014393472875048621,171057152
2025-05-12T01:50:52.104000,hash-gen-deployment,0.1,134217728,0.2,242221056,0.0018035503387149223,0.014424951727172432,171245568
2025-05-12T01:51:22.186000,hash-gen-deployment,0.1,134217728,0.2,242221056,0.0017904253909962352,0.014546236408044672,171245568
2025-05-12T01:51:52.260000,hash-gen-deployment,0.1,134217728,0.2,242221056,0.0017945951761257819,0.014435804996309306,171372544
2025-05-12T01:52:22.339000,hash-gen-deployment,0.1,134217728,0.2,242221056,0.0018003656901615637,0.014553850080481856,171372544
2025-05-12T01:52:52.418000,hash-gen-deployment,0.1,134217728,0.2,242221056,0.001822242386639133,0.01438110664655301,170889216
2025-05-12T01:53:22.494000,hash-gen-deployment,0.1,134217728,0.2,242221056,0.0018113824837587577,0.014494252750363104,170889216
2025-05-12T01:53:52.569000,hash-gen-deployment,0.1,134217728,0.2,242221056,0.0017843304430342354,0.014231096564388302,170934272
2025-05-12T01:54:22.645000,hash-gen-deployment,0.1,134217728,0.2,242221056,0.0017689247814944465,0.014338271658558617,170934272
2025-05-12T01:54:52.719000,hash-gen-deployment,0.1,134217728,0.2,242221056,0.0017807985912111604,0.014069094948745017,171048960
2025-05-12T01:55:22.796000,hash-gen-deployment,0.1,134217728,0.2,242221056,0.001773734396183238,0.014173324718192508,171048960
2025-05-12T01:55:52.877000,hash-gen-deployment,0.1,134217728,0.2,242221056,0.0017943761046266945,0.013993347831516758,171094016
2025-05-12T01:56:22.958000,hash-gen-deployment,0.1,134217728,0.2,242221056,0.0017733722261350547,0.01409284863436077,171094016
2025-05-12T01:56:53.037000,hash-gen-deployment,0.1,134217728,0.2,242221056,0.0017939352780448465,0.013892083655896729,171126784
2025-05-12T01:57:23.123000,hash-gen-deployment,0.1,134217728,0.2,242221056,0.0017749391368158754,0.013986913241999327,171126784
2025-05-12T01:57:53.193000,hash-gen-deployment,0.1,134217728,0.2,242221056,0.0017913739584629411,0.01380632633345993,171253760
2025-05-12T01:58:23.271000,hash-gen-deployment,0.1,134217728,0.2,242221056,0.0017788920391749246,0.013897048013061105,171253760
2025-05-12T01:58:53.347000,hash-gen-deployment,0.1,134217728,0.2,242221056,0.0017924327273869348,0.01385188129096187,171397120
2025-05-12T01:59:23.426000,hash-gen-deployment,0.1,134217728,0.2,242221056,0.001772946073994962,0.013938087361245388,171397120
2025-05-12T01:59:53.498000,hash-gen-deployment,0.1,134217728,0.2,242221056,0.001779723031981105,0.01389215044778529,171466752
2025-05-12T02:00:23.576000,hash-gen-deployment,0.1,134217728,0.2,242221056,0.0017640489818430856,0.013974466648500477,171466752
2025-05-12T02:00:53.659000,hash-gen-deployment,0.1,134217728,0.2,242221056,0.0017705703842272023,0.013878479856806972,172216320
2025-05-12T02:01:23.739000,hash-gen-deployment,0.1,134217728,0.2,242221056,0.0017599392752859777,0.01395515117801812,172216320
2025-05-12T02:01:53.821000,hash-gen-deployment,0.1,134217728,0.2,242221056,0.0017705954748086727,0.013870108924107019,172240896
2025-05-12T02:02:23.908000,hash-gen-deployment,0.1,134217728,0.2,242221056,0.0017574454744432191,0.013942406735594288,172240896
2025-05-12T02:02:53.979000,hash-gen-deployment,0.1,134217728,0.2,242221056,0.0017667551905674469,0.013895575230175004,172314624
2025-05-12T02:03:24.053000,hash-gen-deployment,0.1,134217728,0.2,242221056,0.0017514274398246895,0.013962926938769663,172314624
2025-05-12T02:03:54.131000,hash-gen-deployment,0.1,134217728,0.2,242221056,0.0017632679719525271,0.013918770060825602,172507136
2025-05-12T02:04:24.211000,hash-gen-deployment,0.1,134217728,0.2,242221056,0.0017675537713778599,0.013981541497678487,172507136
2025-05-12T02:04:54.282000,hash-gen-deployment,0.1,134217728,0.2,242221056,0.0017839160744613104,0.013919407770952184,172539904
2025-05-12T02:05:24.354000,hash-gen-deployment,0.1,134217728,0.2,242221056,0.0017676140027877696,0.013978892145563497,172539904
2025-05-12T02:05:54.435000,hash-gen-deployment,0.1,134217728,0.2,242221056,0.0017810889885702698,0.013927920245725058,172580864
2025-05-12T02:06:24.510000,hash-gen-deployment,0.1,134217728,0.2,242221056,0.0017686909672548717,0.013983884860660361,172580864
2025-05-12T02:06:54.591000,hash-gen-deployment,0.1,134217728,0.2,242221056,0.001780496257397764,0.013981746634532749,172843008
2025-05-12T02:07:24.669000,hash-gen-deployment,0.1,134217728,0.2,242221056,0.0017743306502115187,0.014034505634098512,172843008
2025-05-12T02:07:54.742000,hash-gen-deployment,0.1,134217728,0.2,242221056,0.0017881188014647086,0.0139712205510023,172916736
2025-05-12T02:08:24.823000,hash-gen-deployment,0.1,134217728,0.2,242221056,0.0017783888631740872,0.01402102948141979,172916736
2025-05-12T02:08:54.904000,hash-gen-deployment,0.1,134217728,0.2,242221056,0.0017881839082749713,0.014216816589042502,176119808
2025-05-12T02:09:24.981000,hash-gen-deployment,0.1,134217728,0.2,242221056,0.0018439990233857426,0.014266021852887672,176119808
2025-05-12T02:09:55.055000,hash-gen-deployment,0.1,134217728,0.2,242221056,0.0018593573948398263,0.01463091589688711,175775744
2025-05-12T02:10:25.134000,hash-gen-deployment,0.1,134217728,0.2,242221056,0.0018829807961407213,0.014681774448763113,175775744
2025-05-12T02:10:55.212000,hash-gen-deployment,0.1,134217728,0.2,242221056,0.0018865469456810524,0.014925647328923063,173842432
2025-05-12T02:11:25.291000,hash-gen-deployment,0.1,134217728,0.2,242221056,0.0018774315773396075,0.014976929126526504,173842432
2025-05-12T02:11:55.363000,hash-gen-deployment,0.1,134217728,0.2,242221056,0.0018784125097293547,0.014945320930681053,176828416
2025-05-12T02:12:25.436000,hash-gen-deployment,0.1,134217728,0.2,242221056,0.0018902398936247414,0.01500263489039817,176828416
2025-05-12T02:12:55.511000,hash-gen-deployment,0.1,134217728,0.2,242221056,0.0018932751375710598,0.014775017911060166,176865280
2025-05-12T02:13:25.592000,hash-gen-deployment,0.1,134217728,0.2,242221056,0.0018776163190959807,0.014832365053484241,176865280
2025-05-12T02:13:55.673000,hash-gen-deployment,0.1,134217728,0.2,242221056,0.0018818982446315278,0.01431908315237908,176934912
2025-05-12T02:14:25.755000,hash-gen-deployment,0.1,134217728,0.2,242221056,0.0018816750756992125,0.01438745746439854,176934912
2025-05-12T02:14:55.835000,hash-gen-deployment,0.1,134217728,0.2,242221056,0.001864377571551737,0.014227394241485357,177307648
2025-05-12T02:15:25.917000,hash-gen-deployment,0.1,134217728,0.2,242221056,0.0018566208992034257,0.014298224125300369,177307648
2025-05-12T02:15:55.992000,hash-gen-deployment,0.1,134217728,0.2,242221056,0.001856815204360483,0.01379254076609804,177356800
2025-05-12T02:16:26.068000,hash-gen-deployment,0.1,134217728,0.2,242221056,0.0018400464838347166,0.013874486224316218,177356800
2025-05-12T02:16:56.152000,hash-gen-deployment,0.1,134217728,0.2,242221056,0.0018419779660289752,0.01380380143822904,177364992
2025-05-12T02:17:26.237000,hash-gen-deployment,0.1,134217728,0.2,242221056,0.0018289640848916755,0.013882963777422364,177364992
2025-05-12T02:17:56.306000,hash-gen-deployment,0.1,134217728,0.2,242221056,0.0018399646872746555,0.01389285245495085,177704960
2025-05-12T02:18:26.383000,hash-gen-deployment,0.1,134217728,0.2,242221056,0.0018413654774976592,0.013974470194728144,177704960
2025-05-12T02:18:56.469000,hash-gen-deployment,0.1,134217728,0.2,242221056,0.0018531717518592867,0.013925732892223158,177733632
2025-05-12T02:19:26.548000,hash-gen-deployment,0.1,134217728,0.2,242221056,0.001840994031249776,0.014004786651981061,177733632
2025-05-12T02:19:56.630000,hash-gen-deployment,0.1,134217728,0.2,242221056,0.0018553747818894544,0.01397788080263529,177803264
2025-05-12T02:20:26.707000,hash-gen-deployment,0.1,134217728,0.2,242221056,0.00184704882860852,0.014052164450733604,177803264
2025-05-12T02:20:56.787000,hash-gen-deployment,0.1,134217728,0.2,242221056,0.001859997904257057,0.013854236644457445,177901568
2025-05-12T02:21:26.858000,hash-gen-deployment,0.1,134217728,0.2,242221056,0.0018402747864245763,0.013929084878520539,177901568
2025-05-12T02:21:56.935000,hash-gen-deployment,0.1,134217728,0.2,242221056,0.0018465837311027696,0.01372543836816209,177905664
2025-05-12T02:22:27.019000,hash-gen-deployment,0.1,134217728,0.2,242221056,0.0018302794722288437,0.01380451300534305,177905664
2025-05-12T02:22:57.092000,hash-gen-deployment,0.1,134217728,0.2,242221056,0.0018389166365954193,0.013720577721034992,177905664
2025-05-12T02:23:27.174000,hash-gen-deployment,0.1,134217728,0.2,242221056,0.00183013410097323,0.013799185120911989,177905664
2025-05-12T02:23:57.255000,hash-gen-deployment,0.1,134217728,0.2,242221056,0.0018371535931851243,0.01373853572624965,177946624
2025-05-12T02:24:27.331000,hash-gen-deployment,0.1,134217728,0.2,242221056,0.0018314585030784565,0.013812810855115341,177946624
2025-05-12T02:24:57.399000,hash-gen-deployment,0.1,134217728,0.2,242221056,0.0018426696171012173,0.013874405055414714,178397184
2025-05-12T02:25:27.473000,hash-gen-deployment,0.1,134217728,0.2,242221056,0.0018463888007930968,0.013942556156642472,178397184
2025-05-12T02:25:57.553000,hash-gen-deployment,0.1,134217728,0.2,242221056,0.001867082154320437,0.013856715406996794,178434048
2025-05-12T02:26:27.631000,hash-gen-deployment,0.1,134217728,0.2,242221056,0.0018612740307293678,0.013917714641776224,178434048
2025-05-12T02:26:57.719000,hash-gen-deployment,0.1,134217728,0.2,242221056,0.0018662760101069854,0.013746631623768874,178462720
2025-05-12T02:27:27.795000,hash-gen-deployment,0.1,134217728,0.2,242221056,0.001863228258524782,0.01381836394304678,178462720
2025-05-12T02:27:57.872000,hash-gen-deployment,0.1,134217728,0.2,242221056,0.0018629748706675332,0.01365116422351791,178507776
2025-05-12T02:28:27.952000,hash-gen-deployment,0.1,134217728,0.2,242221056,0.0018492197090379983,0.013741337150078815,178507776
2025-05-12T02:28:58.031000,hash-gen-deployment,0.1,134217728,0.2,242221056,0.001907496931720876,0.013596942509031214,178520064
2025-05-12T02:29:28.109000,hash-gen-deployment,0.1,134217728,0.2,242221056,0.0018777903365981047,0.013712804571332733,178520064
2025-05-12T02:29:58.176000,hash-gen-deployment,0.1,134217728,0.2,242221056,0.0018777472104029782,0.013748532382105277,178683904
2025-05-12T02:30:28.270000,hash-gen-deployment,0.1,134217728,0.2,242221056,0.0018584538685320116,0.01374853238210528,178683904
2025-05-12T02:30:58.331000,hash-gen-deployment,0.1,134217728,0.2,242221056,0.001873052846558945,0.011211245929176428,178884608
2025-05-12T02:31:28.472000,hash-gen-deployment,0.1,134217728,0.2,242221056,0.0018356480377138202,0.011211245929176428,178884608
2025-05-12T02:31:58.675000,hash-gen-deployment,0.1,134217728,0.18,216006656,0.0018303627722827663,0.010303397020438976,178884608
2025-05-12T02:32:28.757000,hash-gen-deployment,0.1,134217728,0.18,216006656,0.0016754509215136646,0.009751688391812865,178884608
2025-05-12T02:32:58.831000,hash-gen-deployment,0.1,134217728,0.18,216006656,0.001675450921513665,0.015191805036437661,178884608
2025-05-12T02:33:28.897000,hash-gen-deployment,0.1,134217728,0.18,216006656,0.0016054126596174408,0.01660541672709467,178884608
2025-05-12T02:33:58.968000,hash-gen-deployment,0.1,134217728,0.18,216006656,0.0016054126596174408,0.014951646429055809,178884608
2025-05-12T02:34:29.044000,hash-gen-deployment,0.1,134217728,0.18,216006656,0.0015555643638455023,0.01586307635513831,178884608
2025-05-12T02:34:59.109000,hash-gen-deployment,0.1,134217728,0.18,216006656,0.001873273855310191,0.014576902674039136,178884608
2025-05-12T02:35:29.178000,hash-gen-deployment,0.1,134217728,0.18,216006656,0.0017874608094631318,0.015229243945925066,178884608
2025-05-12T02:35:59.248000,hash-gen-deployment,0.1,134217728,0.18,216006656,0.0017173187555620717,0.014037149288410298,150487040
2025-05-12T02:36:29.324000,hash-gen-deployment,0.1,134217728,0.18,216006656,0.001726964433787566,0.014530958402609304,150487040
2025-05-12T02:36:59.399000,hash-gen-deployment,0.1,134217728,0.18,216006656,0.0017129803939515238,0.01400335023798793,156139520
2025-05-12T02:37:29.470000,hash-gen-deployment,0.1,134217728,0.18,216006656,0.001724006540820302,0.014418267371560623,156139520
2025-05-12T02:37:59.549000,hash-gen-deployment,0.1,134217728,0.18,216006656,0.0017039172773662564,0.013864082886940703,157097984
2025-05-12T02:38:29.624000,hash-gen-deployment,0.1,134217728,0.18,216006656,0.0017193705697593558,0.014216456133163483,157097984
2025-05-12T02:38:59.697000,hash-gen-deployment,0.1,134217728,0.18,216006656,0.0017319045868477438,0.01388326125525438,157827072
2025-05-12T02:39:29.781000,hash-gen-deployment,0.1,134217728,0.18,216006656,0.001688127273230249,0.014201821846954801,157827072
2025-05-12T02:39:59.858000,hash-gen-deployment,0.1,134217728,0.18,216006656,0.0017125887092390038,0.013862925731483788,158183424
2025-05-12T02:40:29.936000,hash-gen-deployment,0.1,134217728,0.18,216006656,0.001734687262492224,0.014142281958455884,158183424
2025-05-12T02:41:00.024000,hash-gen-deployment,0.1,134217728,0.18,216006656,0.0017528510731106394,0.013921303052373735,163287040
2025-05-12T02:41:30.095000,hash-gen-deployment,0.1,134217728,0.18,216006656,0.001754164226833539,0.014179846905738643,163287040
2025-05-12T02:42:00.171000,hash-gen-deployment,0.1,134217728,0.18,216006656,0.001780212788630024,0.013809317119308762,160096256
2025-05-12T02:42:30.247000,hash-gen-deployment,0.1,134217728,0.18,216006656,0.0017663015809330435,0.014043385307661893,160096256
2025-05-12T02:43:00.327000,hash-gen-deployment,0.1,134217728,0.18,216006656,0.001784835750617882,0.013743814000740796,160448512
2025-05-12T02:43:30.403000,hash-gen-deployment,0.1,134217728,0.18,216006656,0.0017680367439766042,0.013960578464534513,160448512
2025-05-12T02:44:00.483000,hash-gen-deployment,0.1,134217728,0.18,216006656,0.0017907223835235714,0.013686705231179392,160505856
2025-05-12T02:44:30.558000,hash-gen-deployment,0.1,134217728,0.18,216006656,0.0017731940452626622,0.013884951579526518,160505856
2025-05-12T02:45:00.637000,hash-gen-deployment,0.1,134217728,0.18,216006656,0.0017958152749659366,0.013802633340325499,158900224
2025-05-12T02:45:30.711000,hash-gen-deployment,0.1,134217728,0.18,216006656,0.0017957496284099362,0.013661929541868796,158900224
2025-05-12T02:46:00.781000,hash-gen-deployment,0.1,134217728,0.18,216006656,0.0018250706587843646,0.013819186393622363,161054720
2025-05-12T02:46:30.856000,hash-gen-deployment,0.1,134217728,0.18,216006656,0.0018046580799624147,0.013996890256371186,161054720
2025-05-12T02:47:00.932000,hash-gen-deployment,0.1,134217728,0.18,216006656,0.0018167792339910574,0.013798005859247661,161382400
2025-05-12T02:47:31.001000,hash-gen-deployment,0.1,134217728,0.18,216006656,0.0018024334898920139,0.013963044804646989,161382400
2025-05-12T02:48:01.078000,hash-gen-deployment,0.1,134217728,0.18,216006656,0.0018298709964976968,0.01383350662119122,161804288
2025-05-12T02:48:31.159000,hash-gen-deployment,0.1,134217728,0.18,216006656,0.0018225133131891255,0.013990856024031332,161804288
2025-05-12T02:49:01.246000,hash-gen-deployment,0.1,134217728,0.18,216006656,0.0018396227898501698,0.013837345536565354,161951744
2025-05-12T02:49:31.331000,hash-gen-deployment,0.1,134217728,0.18,216006656,0.0018282751875179789,0.013984755339688675,161951744
2025-05-12T02:50:01.428000,hash-gen-deployment,0.1,134217728,0.18,216006656,0.0018429225969951756,0.01373166015933543,162893824
2025-05-12T02:50:31.496000,hash-gen-deployment,0.1,134217728,0.18,216006656,0.0018192249619054621,0.013873887956206851,162893824
2025-05-12T02:51:01.568000,hash-gen-deployment,0.1,134217728,0.18,216006656,0.0018141922150015906,0.013647510590666493,162996224
2025-05-12T02:51:31.643000,hash-gen-deployment,0.1,134217728,0.18,216006656,0.0017988369329475715,0.01376238377849795,162996224
2025-05-12T02:52:01.710000,hash-gen-deployment,0.1,134217728,0.18,216006656,0.0018097057967517084,0.013647494401755007,163151872
2025-05-12T02:52:31.780000,hash-gen-deployment,0.1,134217728,0.18,216006656,0.0017970306397311969,0.013825967376186004,163151872
2025-05-12T02:53:01.860000,hash-gen-deployment,0.1,134217728,0.18,216006656,0.0018125975269890483,0.013828050652775764,163340288
2025-05-12T02:53:31.919000,hash-gen-deployment,0.1,134217728,0.18,216006656,0.0017993703569678908,0.013953859702676107,163340288
2025-05-12T02:54:01.982000,hash-gen-deployment,0.1,134217728,0.18,216006656,0.0018067885546859134,0.013909523503637236,162000896
2025-05-12T02:54:32.045000,hash-gen-deployment,0.1,134217728,0.18,216006656,0.0017850888799293206,0.014079829118871512,162000896
2025-05-12T02:55:02.109000,hash-gen-deployment,0.1,134217728,0.18,216006656,0.0018059660474081893,0.01391812311673762,162144256
2025-05-12T02:55:32.179000,hash-gen-deployment,0.1,134217728,0.18,216006656,0.0018055455435165547,0.01407802548162998,162144256
2025-05-12T02:56:02.264000,hash-gen-deployment,0.1,134217728,0.18,216006656,0.0018249895878240233,0.014036581033542512,163901440
2025-05-12T02:56:32.350000,hash-gen-deployment,0.1,134217728,0.18,216006656,0.0018123826135135947,0.014148055438279314,163901440
2025-05-12T02:57:02.413000,hash-gen-deployment,0.1,134217728,0.18,216006656,0.0018257885621575916,0.014001048075783225,164044800
2025-05-12T02:57:32.491000,hash-gen-deployment,0.1,134217728,0.18,216006656,0.0018090917224951387,0.014106287574031227,164044800
2025-05-12T02:58:02.569000,hash-gen-deployment,0.1,134217728,0.18,216006656,0.0018296202723183663,0.013996706313306316,164085760
2025-05-12T02:58:32.649000,hash-gen-deployment,0.1,134217728,0.18,216006656,0.0018124332798208256,0.014097292344497366,164085760
2025-05-12T02:59:02.725000,hash-gen-deployment,0.1,134217728,0.18,216006656,0.0018299010270274414,0.013966895448583944,164122624
2025-05-12T02:59:32.806000,hash-gen-deployment,0.1,134217728,0.18,216006656,0.0018192259883270416,0.01401642210077941,164122624
2025-05-12T03:00:02.883000,hash-gen-deployment,0.1,134217728,0.18,216006656,0.0018309310199339597,0.014006713386458172,164208640
2025-05-12T03:00:32.961000,hash-gen-deployment,0.1,134217728,0.18,216006656,0.0018171425377314474,0.013895898377057868,164208640
2025-05-12T03:01:03.036000,hash-gen-deployment,0.1,134217728,0.18,216006656,0.001831696956307151,0.013985735819313427,164216832
2025-05-12T03:01:33.121000,hash-gen-deployment,0.1,134217728,0.18,216006656,0.0018239821197074855,0.013869396577021749,164216832
2025-05-12T03:02:03.189000,hash-gen-deployment,0.1,134217728,0.18,216006656,0.001841472400880433,0.01396548774620297,164315136
2025-05-12T03:02:33.264000,hash-gen-deployment,0.1,134217728,0.18,216006656,0.0018209232007670789,0.014046676121116305,164315136
2025-05-12T03:03:03.339000,hash-gen-deployment,0.1,134217728,0.18,216006656,0.0018177661182765294,0.013951649383102413,164352000
2025-05-12T03:03:33.404000,hash-gen-deployment,0.1,134217728,0.18,216006656,0.0018083688688371607,0.014028217544709865,164352000
2025-05-12T03:04:03.480000,hash-gen-deployment,0.1,134217728,0.18,216006656,0.001826345071233873,0.013972583563683246,164343808
2025-05-12T03:04:33.563000,hash-gen-deployment,0.1,134217728,0.18,216006656,0.001809130253365697,0.013853800578226584,164343808
2025-05-12T03:05:03.639000,hash-gen-deployment,0.1,134217728,0.18,216006656,0.001822960974014455,0.01393680429552149,164556800
2025-05-12T03:05:33.723000,hash-gen-deployment,0.1,134217728,0.18,216006656,0.0018112630062865486,0.013985510226678547,164556800
2025-05-12T03:06:03.796000,hash-gen-deployment,0.1,134217728,0.18,216006656,0.0018190476896552555,0.013872444434991612,164564992
2025-05-12T03:06:33.884000,hash-gen-deployment,0.1,134217728,0.18,216006656,0.0018047664316654358,0.013939163676181022,164564992
2025-05-12T03:07:03.963000,hash-gen-deployment,0.1,134217728,0.18,216006656,0.0018157439764823638,0.013878508287925924,164610048
2025-05-12T03:07:34.041000,hash-gen-deployment,0.1,134217728,0.18,216006656,0.0018031323744202641,0.013729568246889264,164610048
2025-05-12T03:08:04.119000,hash-gen-deployment,0.1,134217728,0.18,216006656,0.0017464170556586434,0.013773834340040932,165687296
2025-05-12T03:08:34.186000,hash-gen-deployment,0.1,134217728,0.18,216006656,0.0017325933427499948,0.013246624870781527,165687296
2025-05-12T03:09:04.264000,hash-gen-deployment,0.1,134217728,0.18,216006656,0.0017064021937378906,0.013356307775943837,165695488
2025-05-12T03:09:34.345000,hash-gen-deployment,0.1,134217728,0.18,216006656,0.0017275899132426834,0.013430750621643204,165695488
2025-05-12T03:10:04.435000,hash-gen-deployment,0.1,134217728,0.18,216006656,0.0017347504465382007,0.013303878744470187,164618240
2025-05-12T03:10:34.506000,hash-gen-deployment,0.1,134217728,0.18,216006656,0.0017824308305768187,0.013387022219369358,164618240
2025-05-12T03:11:04.581000,hash-gen-deployment,0.1,134217728,0.18,216006656,0.001768442230563423,0.013548965297590577,166481920
2025-05-12T03:11:34.661000,hash-gen-deployment,0.1,134217728,0.18,216006656,0.00176015548989425,0.013579061174359757,166481920
2025-05-12T03:12:04.733000,hash-gen-deployment,0.1,134217728,0.18,216006656,0.001774324655390877,0.013788046426947715,166719488
2025-05-12T03:12:34.812000,hash-gen-deployment,0.1,134217728,0.18,216006656,0.0017721695826913707,0.013882666078946577,166719488
2025-05-12T03:13:04.891000,hash-gen-deployment,0.1,134217728,0.18,216006656,0.0017710819981563092,0.014023086870084363,168964096
2025-05-12T03:13:34.968000,hash-gen-deployment,0.1,134217728,0.18,216006656,0.0017577689488608788,0.014024607402800085,168964096
2025-05-12T03:14:05.044000,hash-gen-deployment,0.1,134217728,0.18,216006656,0.0017644157811231567,0.013933719646171875,169005056
2025-05-12T03:14:35.106000,hash-gen-deployment,0.1,134217728,0.18,216006656,0.0017448320156166128,0.013844120771974123,169005056
2025-05-12T03:15:05.178000,hash-gen-deployment,0.1,134217728,0.18,216006656,0.001761024052613457,0.01389661495614671,169156608
2025-05-12T03:15:35.261000,hash-gen-deployment,0.1,134217728,0.18,216006656,0.001746379025005657,0.01398872077967359,169156608
2025-05-12T03:16:05.336000,hash-gen-deployment,0.1,134217728,0.18,216006656,0.001759551222289806,0.013890675962441559,169213952
2025-05-12T03:16:35.417000,hash-gen-deployment,0.1,134217728,0.18,216006656,0.0017450016006471827,0.013780050369148776,169213952
2025-05-12T03:17:05.490000,hash-gen-deployment,0.1,134217728,0.18,216006656,0.0017424984837278623,0.014000155384913553,173273088
2025-05-12T03:17:35.568000,hash-gen-deployment,0.1,134217728,0.18,216006656,0.0017305504654166796,0.013905028359071807,173273088
2025-05-12T03:18:05.644000,hash-gen-deployment,0.1,134217728,0.18,216006656,0.0017421103211855754,0.01401982179904989,173928448
2025-05-12T03:18:35.723000,hash-gen-deployment,0.1,134217728,0.18,216006656,0.0017327324381554757,0.01411493574924817,173928448
2025-05-12T03:19:05.800000,hash-gen-deployment,0.1,134217728,0.18,216006656,0.0017408471359698845,0.0140062739603065,173928448
2025-05-12T03:19:35.881000,hash-gen-deployment,0.1,134217728,0.18,216006656,0.0017227610571960306,0.013932813360953466,173928448
2025-05-12T03:20:05.958000,hash-gen-deployment,0.1,134217728,0.18,216006656,0.0017423261405024393,0.013937382736867641,173936640
2025-05-12T03:20:36.036000,hash-gen-deployment,0.1,134217728,0.18,216006656,0.0017352573920097847,0.014027758644833912,173936640
2025-05-12T03:21:06.114000,hash-gen-deployment,0.1,134217728,0.18,216006656,0.0017526350646615211,0.013912770888700321,173940736
2025-05-12T03:21:36.186000,hash-gen-deployment,0.1,134217728,0.18,216006656,0.0017393241033034402,0.014000012736189432,173940736
2025-05-12T03:22:06.268000,hash-gen-deployment,0.1,134217728,0.18,216006656,0.0017493466193558504,0.014009491321730938,173965312
2025-05-12T03:22:36.345000,hash-gen-deployment,0.1,134217728,0.18,216006656,0.0017297054481030456,0.013911745637193917,173965312
2025-05-12T03:23:06.412000,hash-gen-deployment,0.1,134217728,0.18,216006656,0.0017366912548965935,0.014016926934423588,174002176
2025-05-12T03:23:36.497000,hash-gen-deployment,0.1,134217728,0.18,216006656,0.0017200976743111608,0.013815270639640106,174002176
2025-05-12T03:24:06.569000,hash-gen-deployment,0.1,134217728,0.18,216006656,0.001715466386489103,0.013866984121732474,174026752
2025-05-12T03:24:36.653000,hash-gen-deployment,0.1,134217728,0.18,216006656,0.001707016937368446,0.013957636361350865,174026752
2025-05-12T03:25:06.729000,hash-gen-deployment,0.1,134217728,0.18,216006656,0.001711429082784948,0.013844458410069411,174043136
2025-05-12T03:25:36.808000,hash-gen-deployment,0.1,134217728,0.18,216006656,0.0016971527312668927,0.013931820656723005,174043136
2025-05-12T03:26:06.888000,hash-gen-deployment,0.1,134217728,0.18,216006656,0.0016985672631682543,0.013855490687823244,174055424
2025-05-12T03:26:36.963000,hash-gen-deployment,0.1,134217728,0.18,216006656,0.0016913499477370674,0.013933092795110017,174055424
2025-05-12T03:27:07.043000,hash-gen-deployment,0.1,134217728,0.18,216006656,0.0017071121077417294,0.013859328071254394,174059520
2025-05-12T03:27:37.127000,hash-gen-deployment,0.1,134217728,0.18,216006656,0.001695468554611144,0.013772667364774994,174059520
2025-05-12T03:28:07.196000,hash-gen-deployment,0.1,134217728,0.18,216006656,0.0017125854595608499,0.013829843265881445,174063616
2025-05-12T03:28:37.272000,hash-gen-deployment,0.1,134217728,0.18,216006656,0.0017021767534311882,0.01376041773905423,174063616
2025-05-12T03:29:07.354000,hash-gen-deployment,0.1,134217728,0.18,216006656,0.0017067232033843613,0.013773494420870684,174071808
2025-05-12T03:29:37.422000,hash-gen-deployment,0.1,134217728,0.18,216006656,0.0016942188108457212,0.013631989580896686,174071808
2025-05-12T03:30:07.498000,hash-gen-deployment,0.1,134217728,0.18,216006656,0.001732875486447813,0.013771935587433809,174116864
2025-05-12T03:30:37.571000,hash-gen-deployment,0.1,134217728,0.18,216006656,0.0017139203836011652,0.013847199122369922,174116864
2025-05-12T03:31:07.633000,hash-gen-deployment,0.1,134217728,0.18,216006656,0.0017139451015508935,0.013791957450993915,174198784
2025-05-12T03:31:37.700000,hash-gen-deployment,0.1,134217728,0.18,216006656,0.0016973102677388422,0.013791957450993915,174198784
2025-05-12T03:32:07.775000,hash-gen-deployment,0.1,134217728,0.18,216006656,0.0016973338951860757,0.010911329648366448,174415872
2025-05-12T03:32:37.836000,hash-gen-deployment,0.1,134217728,0.18,216006656,0.0016838144752579242,0.010240686010077245,174415872
2025-05-12T03:33:07.910000,hash-gen-deployment,0.1,134217728,0.18,216006656,0.0016792235719663383,0.010091040288262472,174424064
2025-05-12T03:33:37.988000,hash-gen-deployment,0.1,134217728,0.18,216006656,0.0015040593272788055,0.009767987522949861,174424064
2025-05-12T03:34:08.063000,hash-gen-deployment,0.1,134217728,0.18,216006656,0.0015040593272788055,0.009681740631681673,174424064
2025-05-12T03:34:38.120000,hash-gen-deployment,0.1,134217728,0.18,216006656,0.0014327637124515776,0.009491539707891999,174424064
2025-05-12T03:35:08.193000,hash-gen-deployment,0.1,134217728,0.18,216006656,0.0014327637124515776,0.009531563840590807,174546944
2025-05-12T03:35:38.269000,hash-gen-deployment,0.1,134217728,0.18,216006656,0.0013646616605473964,0.009226848780651232,174546944
2025-05-12T03:36:08.340000,hash-gen-deployment,0.1,134217728,0.18,216006656,0.0013646616605473964,0.009221389472236594,174575616
2025-05-12T03:36:38.414000,hash-gen-deployment,0.1,134217728,0.18,216006656,0.0013111335914301615,0.009012565895698495,174575616
2025-05-12T03:37:08.484000,hash-gen-deployment,0.1,134217728,0.18,216006656,0.0013111335914301615,0.008945551760105927,174669824
2025-05-12T03:37:38.561000,hash-gen-deployment,0.1,134217728,0.18,216006656,0.0012418766344061904,0.008851804609836304,174669824
2025-05-12T03:38:08.633000,hash-gen-deployment,0.1,134217728,0.18,216006656,0.0012418766344061904,0.008743846291639103,174800896
2025-05-12T03:38:38.707000,hash-gen-deployment,0.1,134217728,0.18,216006656,0.0012185434432711755,0.008669789852294937,174800896
2025-05-12T03:39:08.780000,hash-gen-deployment,0.1,134217728,0.18,216006656,0.0012185434432711755,0.008579348804026424,174804992
2025-05-12T03:39:38.857000,hash-gen-deployment,0.1,134217728,0.18,216006656,0.001147215814373947,0.00828686768800052,174804992
2025-05-12T03:40:08.935000,hash-gen-deployment,0.1,134217728,0.18,216006656,0.001147215814373947,0.00829311405413229,174800896
2025-05-12T03:40:39.005000,hash-gen-deployment,0.1,134217728,0.18,216006656,0.0011016871585912966,0.008294021879051464,174800896
2025-05-12T03:41:09.085000,hash-gen-deployment,0.1,134217728,0.18,216006656,0.0011016871585912966,0.008205115141490594,174804992
2025-05-12T03:41:39.170000,hash-gen-deployment,0.1,134217728,0.18,216006656,0.0010668416040700965,0.008125520463201842,174804992
2025-05-12T03:42:09.238000,hash-gen-deployment,0.1,134217728,0.18,216006656,0.0010668416040700965,0.008036126575736923,174800896
2025-05-12T03:42:39.316000,hash-gen-deployment,0.1,134217728,0.18,216006656,0.001044604663681705,0.008080512433612831,174800896
2025-05-12T03:43:09.391000,hash-gen-deployment,0.1,134217728,0.18,216006656,0.001044604663681705,0.008018694865415064,174821376
2025-05-12T03:43:39.469000,hash-gen-deployment,0.1,134217728,0.18,216006656,0.0010187824167141068,0.007744373621966162,174821376
2025-05-12T03:44:09.546000,hash-gen-deployment,0.1,134217728,0.18,216006656,0.0010187824167141068,0.007760484714508632,174821376
2025-05-12T03:44:39.614000,hash-gen-deployment,0.1,134217728,0.18,216006656,0.0009880303490780791,0.0076630808343166575,174821376
2025-05-12T03:45:09.689000,hash-gen-deployment,0.1,134217728,0.18,216006656,0.0009880303490780791,0.0076043653264932926,174833664
2025-05-12T03:45:39.764000,hash-gen-deployment,0.1,134217728,0.18,216006656,0.0009696843558107805,0.0075601792284371175,174833664
2025-05-12T03:46:09.834000,hash-gen-deployment,0.1,134217728,0.18,216006656,0.0009696843558107805,0.007507007839345102,174858240
2025-05-12T03:46:39.908000,hash-gen-deployment,0.1,134217728,0.18,216006656,0.0009470209088745321,0.007350839472537417,174858240
2025-05-12T03:47:09.983000,hash-gen-deployment,0.1,134217728,0.18,216006656,0.0009470209088745321,0.007384396423518146,174891008
2025-05-12T03:47:40.062000,hash-gen-deployment,0.1,134217728,0.18,216006656,0.0009236444124083469,0.007372929739007458,174891008
2025-05-12T03:48:10.138000,hash-gen-deployment,0.1,134217728,0.18,216006656,0.0009236444124083469,0.007317660031667044,174891008
2025-05-12T03:48:40.201000,hash-gen-deployment,0.1,134217728,0.18,216006656,0.0009055150115613423,0.00715294692424289,174891008
2025-05-12T03:49:10.274000,hash-gen-deployment,0.1,134217728,0.18,216006656,0.0009055150115613423,0.007160576480000453,174895104
2025-05-12T03:49:40.356000,hash-gen-deployment,0.1,134217728,0.18,216006656,0.0008998689661341137,0.007160576480000453,174895104
2025-05-12T03:50:10.432000,hash-gen-deployment,0.1,134217728,0.18,216006656,0.0008998689661341137,0.007093833096595929,174899200
2025-05-12T03:50:40.510000,hash-gen-deployment,0.1,134217728,0.18,216006656,0.0008915283299350214,0.0070391228056551885,174899200
2025-05-12T03:51:10.587000,hash-gen-deployment,0.1,134217728,0.18,216006656,0.0008915283299350214,0.006989446570106931,174927872
2025-05-12T03:51:40.663000,hash-gen-deployment,0.1,134217728,0.18,216006656,0.0008703371521495745,0.006739415091491674,174927872
2025-05-12T03:52:10.740000,hash-gen-deployment,0.1,134217728,0.18,216006656,0.0008703371521495745,0.00677393235470097,174915584
2025-05-12T03:52:40.824000,hash-gen-deployment,0.1,134217728,0.18,216006656,0.0008565743130630628,0.006699219197631655,174915584
2025-05-12T03:53:10.896000,hash-gen-deployment,0.1,134217728,0.18,216006656,0.0008565743130630628,0.006641455695396348,174931968
2025-05-12T03:53:40.969000,hash-gen-deployment,0.1,134217728,0.18,216006656,0.0008500152154920062,0.006550586652940117,174931968
2025-05-12T03:54:11.042000,hash-gen-deployment,0.1,134217728,0.18,216006656,0.0008500152154920062,0.006581787369158226,174940160
2025-05-12T03:54:41.125000,hash-gen-deployment,0.1,134217728,0.18,216006656,0.0008215860695622668,0.00640528371756055,174940160
2025-05-12T03:55:11.197000,hash-gen-deployment,0.1,134217728,0.18,216006656,0.0008215860695622668,0.0064407853427542044,174936064
2025-05-12T03:55:41.272000,hash-gen-deployment,0.1,134217728,0.18,216006656,0.0008104692547062822,0.006334949581634165,174936064
2025-05-12T03:56:11.349000,hash-gen-deployment,0.1,134217728,0.18,216006656,0.0008104692547062822,0.006415606608414483,174989312
2025-05-12T03:56:41.425000,hash-gen-deployment,0.1,134217728,0.18,216006656,0.0008031666630102902,0.006342164344433613,174989312
2025-05-12T03:57:11.508000,hash-gen-deployment,0.1,134217728,0.18,216006656,0.0008031666630102902,0.006392945637255385,174977024
2025-05-12T03:57:41.588000,hash-gen-deployment,0.1,134217728,0.18,216006656,0.0007964598760544369,0.006418022244990834,174977024
2025-05-12T03:58:11.669000,hash-gen-deployment,0.1,134217728,0.18,216006656,0.0007964598760544369,0.006378391795377776,174989312
2025-05-12T03:58:41.757000,hash-gen-deployment,0.1,134217728,0.18,216006656,0.0007762949603782078,0.0063451629317119425,174989312
2025-05-12T03:59:11.838000,hash-gen-deployment,0.1,134217728,0.18,216006656,0.0007762949603782078,0.006315304968957041,174997504
2025-05-12T03:59:41.909000,hash-gen-deployment,0.1,134217728,0.18,216006656,0.0007709105081893653,0.006351343618870003,174997504
2025-05-12T04:00:11.981000,hash-gen-deployment,0.1,134217728,0.18,216006656,0.0007709105081893653,0.006304478385507284,175022080
2025-05-12T04:00:42.053000,hash-gen-deployment,0.1,134217728,0.18,216006656,0.000754896124003145,0.006220140663080751,175022080
2025-05-12T04:01:12.123000,hash-gen-deployment,0.1,134217728,0.18,216006656,0.000754896124003145,0.006242781960424421,175026176
2025-05-12T04:01:42.199000,hash-gen-deployment,0.1,134217728,0.18,216006656,0.0007488395547699211,0.0061664356557508265,175026176
2025-05-12T04:02:12.278000,hash-gen-deployment,0.1,134217728,0.18,216006656,0.0007488395547699211,0.00620849175170092,175001600
2025-05-12T04:02:42.348000,hash-gen-deployment,0.1,134217728,0.18,216006656,0.0007356068618141095,0.006167079789283542,175001600
2025-05-12T04:03:12.418000,hash-gen-deployment,0.1,134217728,0.18,216006656,0.0007356068618141095,0.006167079789283543,175001600
2025-05-12T04:03:42.491000,hash-gen-deployment,0.1,134217728,0.18,216006656,0.0007296570085077801,0.006108872131447521,175001600
2025-05-12T04:04:12.564000,hash-gen-deployment,0.1,134217728,0.18,216006656,0.0007296570085077801,0.006108872131447521,175001600
2025-05-12T04:04:42.646000,hash-gen-deployment,0.1,134217728,0.18,216006656,0.0007247486572576152,0.006087176766272719,175030272
2025-05-12T04:05:12.715000,hash-gen-deployment,0.1,134217728,0.18,216006656,0.0007247486572576152,0.006087176766272719,175030272
2025-05-12T04:05:42.788000,hash-gen-deployment,0.1,134217728,0.18,216006656,0.0007185727926246807,0.006048417017468536,175296512
2025-05-12T04:06:12.870000,hash-gen-deployment,0.1,134217728,0.18,216006656,0.0007185727926246807,0.006048417017468536,175296512
2025-05-12T04:06:42.931000,hash-gen-deployment,0.1,134217728,0.18,216006656,0.0007074912412800354,0.005869547674491768,175038464
2025-05-12T04:07:13.001000,hash-gen-deployment,0.1,134217728,0.18,216006656,0.0007074912412800354,0.005869547674491768,175038464
2025-05-12T04:07:43.077000,hash-gen-deployment,0.1,134217728,0.18,216006656,0.000701886145567514,0.005768050559879908,175038464
2025-05-12T04:08:13.154000,hash-gen-deployment,0.1,134217728,0.18,216006656,0.000701886145567514,0.005768050559879908,175038464
2025-05-12T04:08:43.229000,hash-gen-deployment,0.1,134217728,0.18,216006656,0.0006667856571460448,0.005425883369975217,175038464
2025-05-12T04:09:13.298000,hash-gen-deployment,0.1,134217728,0.18,216006656,0.0006667856571460448,0.005425883369975217,175038464
2025-05-12T04:09:43.372000,hash-gen-deployment,0.1,134217728,0.18,216006656,0.0006009965592800896,0.004843851061612114,175042560
2025-05-12T04:10:13.450000,hash-gen-deployment,0.1,134217728,0.18,216006656,0.0006009965592800896,0.004843851061612114,175042560
2025-05-12T04:10:43.525000,hash-gen-deployment,0.1,134217728,0.18,216006656,0.0005939596215269933,0.004520646814933331,175042560
2025-05-12T04:11:13.593000,hash-gen-deployment,0.1,134217728,0.18,216006656,0.0005939596215269933,0.004520646814933331,175042560
2025-05-12T04:11:43.670000,hash-gen-deployment,0.1,134217728,0.18,216006656,0.0005793475167063087,0.004300587867925429,175046656
2025-05-12T04:12:13.743000,hash-gen-deployment,0.1,134217728,0.18,216006656,0.0005793475167063087,0.004300587867925429,175046656
2025-05-12T04:12:43.807000,hash-gen-deployment,0.1,134217728,0.18,216006656,0.0005781790394916024,0.004258073835299844,175050752
2025-05-12T04:13:13.879000,hash-gen-deployment,0.1,134217728,0.18,216006656,0.0005781790394916024,0.004258073835299845,175050752
2025-05-12T04:13:43.949000,hash-gen-deployment,0.1,134217728,0.18,216006656,0.0005792545503867148,0.00424802437664753,175063040
2025-05-12T04:14:14.029000,hash-gen-deployment,0.1,134217728,0.18,216006656,0.0005792545503867148,0.00424802437664753,175063040
2025-05-12T04:14:44.097000,hash-gen-deployment,0.1,134217728,0.18,216006656,0.0005747257947087542,0.004244085655159561,175087616
2025-05-12T04:15:14.170000,hash-gen-deployment,0.1,134217728,0.18,216006656,0.0005747257947087542,0.004244085655159563,175087616
2025-05-12T04:15:44.245000,hash-gen-deployment,0.1,134217728,0.18,216006656,0.0005678533065395096,0.00401735621299979,175124480
2025-05-12T04:16:14.329000,hash-gen-deployment,0.1,134217728,0.18,216006656,0.0005678533065395096,0.00401735621299979,175124480
2025-05-12T04:16:44.401000,hash-gen-deployment,0.1,134217728,0.18,216006656,0.0005679276143553695,0.003918405879962056,175116288
2025-05-12T04:17:14.480000,hash-gen-deployment,0.1,134217728,0.18,216006656,0.0005679276143553695,0.003918405879962056,175116288
2025-05-12T04:17:44.560000,hash-gen-deployment,0.1,134217728,0.18,216006656,0.000568118237760653,0.003911278147955082,175120384
2025-05-12T04:18:14.621000,hash-gen-deployment,0.1,134217728,0.18,216006656,0.000568118237760653,0.003911278147955082,175120384
2025-05-12T04:18:44.687000,hash-gen-deployment,0.1,134217728,0.18,216006656,0.0005685263904968098,0.00390643275351586,175120384
2025-05-12T04:19:14.764000,hash-gen-deployment,0.1,134217728,0.18,216006656,0.0005685263904968098,0.003906432753515861,175120384
2025-05-12T04:19:44.831000,hash-gen-deployment,0.1,134217728,0.18,216006656,0.0005697948230480741,0.003954001460558418,175149056
2025-05-12T04:20:14.898000,hash-gen-deployment,0.1,134217728,0.18,216006656,0.0005697948230480741,0.003954001460558418,175149056
2025-05-12T04:20:44.973000,hash-gen-deployment,0.1,134217728,0.18,216006656,0.0005648909840746213,0.003917010918028378,175169536
2025-05-12T04:21:15.045000,hash-gen-deployment,0.1,134217728,0.18,216006656,0.0005648909840746213,0.003917010918028378,175169536
2025-05-12T04:21:45.114000,hash-gen-deployment,0.1,134217728,0.18,216006656,0.0005643692014576925,0.0038699530470163407,175169536
2025-05-12T04:22:15.192000,hash-gen-deployment,0.1,134217728,0.18,216006656,0.0005643692014576925,0.0038699530470163407,175169536
2025-05-12T04:22:45.269000,hash-gen-deployment,0.1,134217728,0.18,216006656,0.0005646078074200917,0.003848575781006957,175161344
2025-05-12T04:23:15.351000,hash-gen-deployment,0.1,134217728,0.18,216006656,0.0005646078074200917,0.003848575781006957,175161344
2025-05-12T04:23:45.429000,hash-gen-deployment,0.1,134217728,0.18,216006656,0.0005650782562521407,0.0038500697444623887,175161344
2025-05-12T04:24:15.509000,hash-gen-deployment,0.1,134217728,0.18,216006656,0.0005650782562521407,0.0038500697444623887,175161344
2025-05-12T04:24:45.582000,hash-gen-deployment,0.1,134217728,0.18,216006656,0.0005653584057188795,0.0038252480831960406,175157248
2025-05-12T04:25:15.661000,hash-gen-deployment,0.1,134217728,0.18,216006656,0.0005653584057188795,0.0038252480831960406,175157248
2025-05-12T04:25:45.747000,hash-gen-deployment,0.1,134217728,0.18,216006656,0.000564725021709166,0.003817740860750754,175165440
2025-05-12T04:26:15.819000,hash-gen-deployment,0.1,134217728,0.18,216006656,0.000564725021709166,0.003817740860750754,175165440
2025-05-12T04:26:45.892000,hash-gen-deployment,0.1,134217728,0.18,216006656,0.0005647814478795536,0.003820669369400368,175173632
2025-05-12T04:27:15.966000,hash-gen-deployment,0.1,134217728,0.18,216006656,0.0005647814478795536,0.003820669369400367,175173632
2025-05-12T04:27:46.052000,hash-gen-deployment,0.1,134217728,0.18,216006656,0.0005649127183795605,0.003811096179580559,175181824
2025-05-12T04:28:16.127000,hash-gen-deployment,0.1,134217728,0.18,216006656,0.0005649127183795605,0.0038110961795805583,175181824
2025-05-12T04:28:46.198000,hash-gen-deployment,0.1,134217728,0.18,216006656,0.0005648496884375719,0.003775984553592051,175247360
2025-05-12T04:29:16.275000,hash-gen-deployment,0.1,134217728,0.18,216006656,0.0005648496884375719,0.003775984553592052,175247360
2025-05-12T04:29:46.335000,hash-gen-deployment,0.1,134217728,0.18,216006656,0.0005651812541059448,0.0037719954217462505,175255552
2025-05-12T04:30:16.403000,hash-gen-deployment,0.1,134217728,0.18,216006656,0.0005651812541059448,0.0037719954217462505,175255552
2025-05-12T04:30:46.475000,hash-gen-deployment,0.1,134217728,0.18,216006656,0.0005744024849321368,0.003811327225792247,175271936
2025-05-12T04:31:16.550000,hash-gen-deployment,0.1,134217728,0.18,216006656,0.0005744024849321368,0.003811327225792247,175271936
2025-05-12T04:31:46.644000,hash-gen-deployment,0.1,134217728,0.18,216006656,0.000576323586914174,0.003832891787069483,175263744
2025-05-12T04:32:16.718000,hash-gen-deployment,0.1,134217728,0.18,216006656,0.000576323586914174,0.003832891787069483,175263744
2025-05-12T04:32:46.791000,hash-gen-deployment,0.1,134217728,0.18,216006656,0.0005793530827681347,0.003830346737541349,175271936
2025-05-12T04:33:16.859000,hash-gen-deployment,0.1,134217728,0.18,216006656,0.0005793530827681347,0.003830346737541349,175271936
2025-05-12T04:33:46.919000,hash-gen-deployment,0.1,134217728,0.18,216006656,0.0005795215214787513,0.003776792564954027,175271936
2025-05-12T04:34:16.994000,hash-gen-deployment,0.1,134217728,0.18,216006656,0.0005795215214787513,0.003776792564954027,175271936
2025-05-12T04:34:47.073000,hash-gen-deployment,0.1,134217728,0.18,216006656,0.000576550490319624,0.0037562040634967365,175288320
2025-05-12T04:35:17.154000,hash-gen-deployment,0.1,134217728,0.18,216006656,0.000576550490319624,0.0037562040634967365,175288320
2025-05-12T04:35:47.233000,hash-gen-deployment,0.1,134217728,0.18,216006656,0.0005765188609896432,0.003732925865204177,175296512
2025-05-12T04:36:17.309000,hash-gen-deployment,0.1,134217728,0.18,216006656,0.0005765188609896432,0.003732925865204177,175296512
2025-05-12T04:36:47.383000,hash-gen-deployment,0.1,134217728,0.18,216006656,0.0005768391763287799,0.0037419776042009133,175292416
2025-05-12T04:37:17.461000,hash-gen-deployment,0.1,134217728,0.18,216006656,0.0005768391763287799,0.0037419776042009133,175292416
2025-05-12T04:37:47.529000,hash-gen-deployment,0.1,134217728,0.18,216006656,0.0005772111410065347,0.0037445663107604234,175296512
2025-05-12T04:38:17.602000,hash-gen-deployment,0.1,134217728,0.18,216006656,0.0005772111410065347,0.0037445663107604234,175296512
2025-05-12T04:38:47.678000,hash-gen-deployment,0.1,134217728,0.18,216006656,0.0005773449315084317,0.003727788104718947,175304704
2025-05-12T04:39:17.765000,hash-gen-deployment,0.1,134217728,0.18,216006656,0.0005773449315084317,0.003727788104718948,175304704
2025-05-12T04:39:47.832000,hash-gen-deployment,0.1,134217728,0.18,216006656,0.0005773948668515952,0.0037290072527530285,175312896
2025-05-12T04:40:17.897000,hash-gen-deployment,0.1,134217728,0.18,216006656,0.0005773948668515952,0.0037290072527530285,175312896
2025-05-12T04:40:47.972000,hash-gen-deployment,0.1,134217728,0.18,216006656,0.0005777047372725176,0.0037364822894202687,175329280
2025-05-12T04:41:18.042000,hash-gen-deployment,0.1,134217728,0.18,216006656,0.0005777047372725176,0.0037364822894202687,175329280
2025-05-12T04:41:48.114000,hash-gen-deployment,0.1,134217728,0.18,216006656,0.0005774501254752851,0.003735952881139362,175349760
2025-05-12T04:42:18.198000,hash-gen-deployment,0.1,134217728,0.18,216006656,0.0005774501254752851,0.003735952881139362,175349760
2025-05-12T04:42:48.274000,hash-gen-deployment,0.1,134217728,0.18,216006656,0.0005774904623668229,0.003732443312715662,175345664
2025-05-12T04:43:18.348000,hash-gen-deployment,0.1,134217728,0.18,216006656,0.0005774904623668229,0.003732443312715662,175345664
2025-05-12T04:43:48.425000,hash-gen-deployment,0.1,134217728,0.18,216006656,0.0005772019729729724,0.003723004045600849,175337472
2025-05-12T04:44:18.500000,hash-gen-deployment,0.1,134217728,0.18,216006656,0.0005772019729729724,0.003723004045600849,175337472
2025-05-12T04:44:48.573000,hash-gen-deployment,0.1,134217728,0.18,216006656,0.0005781200389029145,0.003740559080320875,175374336
2025-05-12T04:45:18.649000,hash-gen-deployment,0.1,134217728,0.18,216006656,0.0005781200389029145,0.003740559080320875,175374336
2025-05-12T04:45:48.733000,hash-gen-deployment,0.1,134217728,0.18,216006656,0.0005867959958251195,0.003703908862463212,175390720
2025-05-12T04:46:18.811000,hash-gen-deployment,0.1,134217728,0.18,216006656,0.0005867959958251195,0.003703908862463212,175390720
2025-05-12T04:46:48.888000,hash-gen-deployment,0.1,134217728,0.18,216006656,0.0005864748874248733,0.0036960955724967153,175370240
2025-05-12T04:47:18.968000,hash-gen-deployment,0.1,134217728,0.18,216006656,0.0005864748874248733,0.0036960955724967153,175370240
2025-05-12T04:47:49.047000,hash-gen-deployment,0.1,134217728,0.18,216006656,0.0005866185582907571,0.0037161175420458853,175398912
2025-05-12T04:48:19.142000,hash-gen-deployment,0.1,134217728,0.18,216006656,0.0005866185582907571,0.0037161175420458853,175398912
2025-05-12T04:48:49.207000,hash-gen-deployment,0.1,134217728,0.18,216006656,0.0005907851327586205,0.0037830681477542807,175431680
2025-05-12T04:49:19.281000,hash-gen-deployment,0.1,134217728,0.18,216006656,0.0005907851327586205,0.0037830681477542807,175431680
2025-05-12T04:49:49.357000,hash-gen-deployment,0.1,134217728,0.18,216006656,0.0005897303309178742,0.0037743659743802267,175411200
2025-05-12T04:50:19.419000,hash-gen-deployment,0.1,134217728,0.18,216006656,0.0005897303309178742,0.0037743659743802267,175411200
2025-05-12T04:50:49.496000,hash-gen-deployment,0.1,134217728,0.18,216006656,0.0005901003174290678,0.0037489781173689896,175427584
2025-05-12T04:51:19.569000,hash-gen-deployment,0.1,134217728,0.18,216006656,0.0005901003174290678,0.0037489781173689896,175427584
2025-05-12T04:51:49.649000,hash-gen-deployment,0.1,134217728,0.18,216006656,0.0005897489606481482,0.0037528809240585043,175435776
2025-05-12T04:52:19.714000,hash-gen-deployment,0.1,134217728,0.18,216006656,0.0005897489606481482,0.0037528809240585043,175435776
2025-05-12T04:52:49.796000,hash-gen-deployment,0.1,134217728,0.18,216006656,0.000589277933348762,0.0037602228257875812,175431680
2025-05-12T04:53:19.873000,hash-gen-deployment,0.1,134217728,0.18,216006656,0.000589277933348762,0.0037602228257875812,175431680
2025-05-12T04:53:49.952000,hash-gen-deployment,0.1,134217728,0.18,216006656,0.0005892851345975953,0.0037501502429256165,175435776
2025-05-12T04:54:20.025000,hash-gen-deployment,0.1,134217728,0.18,216006656,0.0005892851345975953,0.003750150242925618,175435776
2025-05-12T04:54:50.094000,hash-gen-deployment,0.1,134217728,0.18,216006656,0.0005870368659198526,0.003704542341402436,175423488
2025-05-12T04:55:20.171000,hash-gen-deployment,0.1,134217728,0.18,216006656,0.0005870368659198526,0.003704542341402436,175423488
2025-05-12T04:55:50.249000,hash-gen-deployment,0.1,134217728,0.18,216006656,0.0005872817511845602,0.003692572860640192,175423488
2025-05-12T04:56:20.320000,hash-gen-deployment,0.1,134217728,0.18,216006656,0.0005872817511845602,0.003692572860640192,175423488
2025-05-12T04:56:50.395000,hash-gen-deployment,0.1,134217728,0.18,216006656,0.0005864786612566662,0.003675942205022456,175452160
2025-05-12T04:57:20.468000,hash-gen-deployment,0.1,134217728,0.18,216006656,0.0005864786612566662,0.003675942205022456,175452160
2025-05-12T04:57:50.541000,hash-gen-deployment,0.1,134217728,0.18,216006656,0.0005862988518174435,0.0036610828671383953,175452160
2025-05-12T04:58:20.620000,hash-gen-deployment,0.1,134217728,0.18,216006656,0.0005862988518174435,0.0036610828671383945,175452160
2025-05-12T04:58:50.701000,hash-gen-deployment,0.1,134217728,0.18,216006656,0.0005863719499651727,0.0036612904635083265,175452160
2025-05-12T04:59:20.773000,hash-gen-deployment,0.1,134217728,0.18,216006656,0.0005863719499651727,0.0036612904635083257,175452160
2025-05-12T04:59:50.847000,hash-gen-deployment,0.1,134217728,0.18,216006656,0.0005858880862627199,0.0036770751450509185,175423488
2025-05-12T05:00:20.935000,hash-gen-deployment,0.1,134217728,0.18,216006656,0.0005858880862627199,0.0036770751450509185,175423488
2025-05-12T05:00:51.008000,hash-gen-deployment,0.1,134217728,0.18,216006656,0.0005858220997108154,0.003659720967421352,175448064
2025-05-12T05:01:21.087000,hash-gen-deployment,0.1,134217728,0.18,216006656,0.0005858220997108154,0.0036597209674213518,175448064
2025-05-12T05:01:51.169000,hash-gen-deployment,0.1,134217728,0.18,216006656,0.0005865888796188706,0.0036479031961821383,175431680
2025-05-12T05:02:21.247000,hash-gen-deployment,0.1,134217728,0.18,216006656,0.0005865888796188706,0.0036479031961821383,175431680
2025-05-12T05:02:51.322000,hash-gen-deployment,0.1,134217728,0.18,216006656,0.0005869346034764348,0.0036382177831766178,175439872
2025-05-12T05:03:21.398000,hash-gen-deployment,0.1,134217728,0.18,216006656,0.0005869346034764348,0.0036382177831766178,175439872
2025-05-12T05:03:51.479000,hash-gen-deployment,0.1,134217728,0.18,216006656,0.0005861278795518202,0.003633554490636872,175439872
2025-05-12T05:04:21.559000,hash-gen-deployment,0.1,134217728,0.18,216006656,0.0005861278795518202,0.003633554490636872,175439872
2025-05-12T05:04:51.629000,hash-gen-deployment,0.1,134217728,0.18,216006656,0.0005864464650888966,0.0036070843607189187,175460352
2025-05-12T05:05:21.711000,hash-gen-deployment,0.1,134217728,0.18,216006656,0.0005864464650888966,0.0036070843607189187,175460352
2025-05-12T05:05:51.788000,hash-gen-deployment,0.1,134217728,0.18,216006656,0.0005868630759853238,0.003599190639545884,175452160
2025-05-12T05:06:21.868000,hash-gen-deployment,0.1,134217728,0.18,216006656,0.0005868630759853238,0.003599190639545884,175452160
2025-05-12T05:06:51.955000,hash-gen-deployment,0.1,134217728,0.18,216006656,0.0005883771185615947,0.0035955240464663617,175452160
2025-05-12T05:07:22.039000,hash-gen-deployment,0.1,134217728,0.18,216006656,0.0005883771185615947,0.0035955240464663617,175452160
2025-05-12T05:07:52.115000,hash-gen-deployment,0.1,134217728,0.18,216006656,0.0005869324626655727,0.0036096343139950496,175456256
2025-05-12T05:08:22.194000,hash-gen-deployment,0.1,134217728,0.18,216006656,0.0005869324626655727,0.0036096343139950496,175456256
2025-05-12T05:08:52.270000,hash-gen-deployment,0.1,134217728,0.18,216006656,0.0005865482848101273,0.003606119432250132,175452160
2025-05-12T05:09:22.342000,hash-gen-deployment,0.1,134217728,0.18,216006656,0.0005865482848101273,0.003606119432250133,175452160
2025-05-12T05:09:52.406000,hash-gen-deployment,0.1,134217728,0.18,216006656,0.0005866278137197616,0.0036119289169937703,175468544
2025-05-12T05:10:22.483000,hash-gen-deployment,0.1,134217728,0.18,216006656,0.0005866278137197616,0.0036119289169937703,175468544
2025-05-12T05:10:52.557000,hash-gen-deployment,0.1,134217728,0.18,216006656,0.0005854399207643906,0.0036236511758515905,175460352
2025-05-12T05:11:22.623000,hash-gen-deployment,0.1,134217728,0.18,216006656,0.0005854399207643906,0.0036236511758515905,175460352
2025-05-12T05:11:52.692000,hash-gen-deployment,0.1,134217728,0.18,216006656,0.000585534221080891,0.003613465388316202,175460352
2025-05-12T05:12:22.769000,hash-gen-deployment,0.1,134217728,0.18,216006656,0.000585534221080891,0.0036134653883162023,175460352
2025-05-12T05:12:52.853000,hash-gen-deployment,0.1,134217728,0.18,216006656,0.0005826975568208229,0.0035941924266268163,175468544
2025-05-12T05:13:22.928000,hash-gen-deployment,0.1,134217728,0.18,216006656,0.0005826975568208229,0.0035941924266268163,175468544
2025-05-12T05:13:52.997000,hash-gen-deployment,0.1,134217728,0.18,216006656,0.0005823930186545413,0.003572013111310624,175464448
2025-05-12T05:14:23.071000,hash-gen-deployment,0.1,134217728,0.18,216006656,0.0005823930186545413,0.003572013111310624,175464448
2025-05-12T05:14:53.145000,hash-gen-deployment,0.1,134217728,0.18,216006656,0.0005826388345838221,0.0035206473116492494,175480832
2025-05-12T05:15:23.215000,hash-gen-deployment,0.1,134217728,0.18,216006656,0.0005826388345838221,0.0035206473116492485,175480832
2025-05-12T05:15:53.286000,hash-gen-deployment,0.1,134217728,0.18,216006656,0.0005819706857579677,0.0035201289336367994,175480832
2025-05-12T05:16:23.356000,hash-gen-deployment,0.1,134217728,0.18,216006656,0.0005819706857579677,0.0035201289336367994,175480832
2025-05-12T05:16:53.431000,hash-gen-deployment,0.1,134217728,0.18,216006656,0.0005816916081383037,0.003525090351444623,175484928
2025-05-12T05:17:23.505000,hash-gen-deployment,0.1,134217728,0.18,216006656,0.0005816916081383037,0.003525090351444623,175484928
2025-05-12T05:17:53.581000,hash-gen-deployment,0.1,134217728,0.18,216006656,0.00058071673485821,0.0035380961871160155,175480832
2025-05-12T05:18:23.658000,hash-gen-deployment,0.1,134217728,0.18,216006656,0.00058071673485821,0.0035380961871160155,175480832
2025-05-12T05:18:53.740000,hash-gen-deployment,0.1,134217728,0.18,216006656,0.0005786763462257531,0.0034886682444554055,175480832
2025-05-12T05:19:23.822000,hash-gen-deployment,0.1,134217728,0.18,216006656,0.0005786763462257531,0.0034886682444554055,175480832
2025-05-12T05:19:53.890000,hash-gen-deployment,0.1,134217728,0.18,216006656,0.0005773432389401197,0.003499092359889669,175505408
2025-05-12T05:20:23.963000,hash-gen-deployment,0.1,134217728,0.18,216006656,0.0005773432389401197,0.003499092359889669,175505408
2025-05-12T05:20:54.036000,hash-gen-deployment,0.1,134217728,0.18,216006656,0.0005765619579303112,0.003500765230985339,175517696
2025-05-12T05:21:24.107000,hash-gen-deployment,0.1,134217728,0.18,216006656,0.0005765619579303112,0.003500765230985339,175517696
2025-05-12T05:21:54.179000,hash-gen-deployment,0.1,134217728,0.18,216006656,0.0005757744506337945,0.0035154289356791597,175525888
2025-05-12T05:22:24.258000,hash-gen-deployment,0.1,134217728,0.18,216006656,0.0005757744506337945,0.0035154289356791597,175525888
2025-05-12T05:22:54.343000,hash-gen-deployment,0.1,134217728,0.18,216006656,0.000573931076557795,0.00357252280671067,175554560
2025-05-12T05:23:24.417000,hash-gen-deployment,0.1,134217728,0.18,216006656,0.000573931076557795,0.00357252280671067,175554560
2025-05-12T05:23:54.488000,hash-gen-deployment,0.1,134217728,0.18,216006656,0.000572887404355842,0.0035887138327920162,175554560
2025-05-12T05:24:24.567000,hash-gen-deployment,0.1,134217728,0.18,216006656,0.000572887404355842,0.0035887138327920162,175554560
2025-05-12T05:24:54.646000,hash-gen-deployment,0.1,134217728,0.18,216006656,0.0005731585382497999,0.0036632413364939597,175595520
2025-05-12T05:25:24.718000,hash-gen-deployment,0.1,134217728,0.18,216006656,0.0005731585382497999,0.0036632413364939597,175595520
2025-05-12T05:25:54.800000,hash-gen-deployment,0.1,134217728,0.18,216006656,0.0005727950724853768,0.003660410711790699,175599616
2025-05-12T05:26:24.881000,hash-gen-deployment,0.1,134217728,0.18,216006656,0.0005727950724853768,0.0036604107117906987,175599616
2025-05-12T05:26:54.964000,hash-gen-deployment,0.1,134217728,0.18,216006656,0.0005721713637196523,0.0036732547001457243,175644672
2025-05-12T05:27:25.040000,hash-gen-deployment,0.1,134217728,0.18,216006656,0.0005721713637196523,0.0036732547001457243,175644672
2025-05-12T05:27:55.113000,hash-gen-deployment,0.1,134217728,0.18,216006656,0.0005718084615121059,0.0036694781617257633,175652864
2025-05-12T05:28:25.188000,hash-gen-deployment,0.1,134217728,0.18,216006656,0.0005718084615121059,0.0036694781617257633,175652864
2025-05-12T05:28:55.270000,hash-gen-deployment,0.1,134217728,0.18,216006656,0.0005711855035355839,0.003676226294261099,175652864
2025-05-12T05:29:25.349000,hash-gen-deployment,0.1,134217728,0.18,216006656,0.0005711855035355839,0.0036137545683935374,175652864
2025-05-12T05:29:55.418000,hash-gen-deployment,0.1,134217728,0.18,216006656,0.0005626404695553026,0.003662728405133095,175648768
2025-05-12T05:30:25.487000,hash-gen-deployment,0.1,134217728,0.18,216006656,0.0005626404695553026,0.003662728405133095,175648768
2025-05-12T05:30:55.549000,hash-gen-deployment,0.1,134217728,0.18,216006656,0.0005614101026724537,0.00365048610538887,175648768
2025-05-12T05:31:25.684000,hash-gen-deployment,0.1,134217728,0.18,216006656,0.0005614101026724537,0.00365048610538887,175648768
2025-05-12T05:31:55.833000,hash-gen-deployment,0.1,134217728,0.16,163577856,0.0005612889187840815,0.0036005564988267997,175648768
2025-05-12T05:32:25.909000,hash-gen-deployment,0.1,134217728,0.16,163577856,0.0005612889187840816,0.0035700394070174355,175648768
2025-05-12T05:32:55.969000,hash-gen-deployment,0.1,134217728,0.16,163577856,0.0005614996526415323,0.007857382221305022,175648768
2025-05-12T05:33:26.044000,hash-gen-deployment,0.1,134217728,0.16,163577856,0.0005614996526415322,0.007391162984060277,175648768
2025-05-12T05:33:56.127000,hash-gen-deployment,0.1,134217728,0.16,163577856,0.0005642130236087696,0.008763856889696137,175648768
2025-05-12T05:34:26.188000,hash-gen-deployment,0.1,134217728,0.16,163577856,0.0010725740188737597,0.009705858634879943,175648768
2025-05-12T05:34:56.248000,hash-gen-deployment,0.1,134217728,0.16,163577856,0.0012067441012782055,0.008453375796555343,175648768
2025-05-12T05:35:26.322000,hash-gen-deployment,0.1,134217728,0.16,163577856,0.0011973118604111294,0.009088184599986962,175648768
2025-05-12T05:35:56.399000,hash-gen-deployment,0.1,134217728,0.16,163577856,0.0013119571032817628,0.00844989190130274,150036480
2025-05-12T05:36:26.457000,hash-gen-deployment,0.1,134217728,0.16,163577856,0.0011791711213513432,0.008950877741084485,150036480
2025-05-12T05:36:56.534000,hash-gen-deployment,0.1,134217728,0.16,163577856,0.001258259045416477,0.008702975586314629,151171072
2025-05-12T05:37:26.600000,hash-gen-deployment,0.1,134217728,0.16,163577856,0.0011894120312577817,0.009139747159814467,151171072
2025-05-12T05:37:56.678000,hash-gen-deployment,0.1,134217728,0.16,163577856,0.0012518629773737508,0.00882500414846627,152776704
2025-05-12T05:38:26.742000,hash-gen-deployment,0.1,134217728,0.16,163577856,0.0012216625678435774,0.009204487198151663,152776704
2025-05-12T05:38:56.813000,hash-gen-deployment,0.1,134217728,0.16,163577856,0.001276852803207378,0.00894748954759927,156864512
2025-05-12T05:39:26.888000,hash-gen-deployment,0.1,134217728,0.16,163577856,0.0013258259805127846,0.009285002682856395,156864512
2025-05-12T05:39:56.971000,hash-gen-deployment,0.1,134217728,0.16,163577856,0.0013824076144197835,0.009265135320040528,162254848
2025-05-12T05:40:27.037000,hash-gen-deployment,0.1,134217728,0.16,163577856,0.0013672687019797318,0.009581961642256274,162254848
2025-05-12T05:40:57.118000,hash-gen-deployment,0.1,134217728,0.16,163577856,0.0014141072202528548,0.009089623320857611,157720576
2025-05-12T05:41:27.185000,hash-gen-deployment,0.1,134217728,0.16,163577856,0.0013862243442027504,0.009364024581516684,157720576
2025-05-12T05:41:57.244000,hash-gen-deployment,0.1,134217728,0.16,163577856,0.001437243162910943,0.009878459585556214,33738752
2025-05-12T05:42:27.307000,hash-gen-deployment,0.1,134217728,0.16,163577856,0.0014154488490102236,0.010164380392492855,33738752
2025-05-12T05:42:57.379000,hash-gen-deployment,0.1,134217728,0.16,163577856,0.0014224266610492868,0.01269149613272673,134529024
2025-05-12T05:43:27.453000,hash-gen-deployment,0.1,134217728,0.16,163577856,0.006201073427322225,0.01307245860594997,134529024
2025-05-12T05:43:57.525000,hash-gen-deployment,0.1,134217728,0.16,163577856,0.006430818798031215,0.013497276900165146,145678336
2025-05-12T05:44:27.595000,hash-gen-deployment,0.1,134217728,0.16,163577856,0.006478787586514707,0.013881168345309548,145678336
2025-05-12T05:44:57.673000,hash-gen-deployment,0.1,134217728,0.16,163577856,0.006683884059848085,0.013976452498601905,146419712
2025-05-12T05:45:27.751000,hash-gen-deployment,0.1,134217728,0.16,163577856,0.006596390456622789,0.014349363921024847,146419712
2025-05-12T05:45:57.820000,hash-gen-deployment,0.1,134217728,0.16,163577856,0.006866000702868505,0.014370737298148651,148779008
2025-05-12T05:46:27.900000,hash-gen-deployment,0.1,134217728,0.16,163577856,0.006765144366678699,0.014731498969896416,148779008
2025-05-12T05:46:57.977000,hash-gen-deployment,0.1,134217728,0.16,163577856,0.0069725590397939925,0.014631695941750403,150540288
2025-05-12T05:47:28.055000,hash-gen-deployment,0.1,134217728,0.16,163577856,0.006801927765713314,0.014978582494205602,150540288
2025-05-12T05:47:58.134000,hash-gen-deployment,0.1,134217728,0.16,163577856,0.007052258721627226,0.014747133934962,151334912
2025-05-12T05:48:28.203000,hash-gen-deployment,0.1,134217728,0.16,163577856,0.006884280618895831,0.015079077392946933,151334912
2025-05-12T05:48:58.288000,hash-gen-deployment,0.1,134217728,0.16,163577856,0.007072297135990772,0.014807877835891766,151846912
2025-05-12T05:49:28.364000,hash-gen-deployment,0.1,134217728,0.16,163577856,0.006931734525710023,0.015095386899803226,151846912
2025-05-12T05:49:58.438000,hash-gen-deployment,0.1,134217728,0.16,163577856,0.007110595076581281,0.015095253350266066,156381184
2025-05-12T05:50:28.517000,hash-gen-deployment,0.1,134217728,0.16,163577856,0.006970694310551889,0.015400136354034791,156381184
2025-05-12T05:50:58.587000,hash-gen-deployment,0.1,134217728,0.16,163577856,0.007123794699908171,0.015340292866796215,315392
2025-05-12T05:51:28.650000,hash-gen-deployment,0.1,134217728,0.16,163577856,0.007091666628301868,0.015635228573547655,315392
2025-05-12T05:51:58.718000,hash-gen-deployment,0.1,134217728,0.16,163577856,0.007158511232328263,0.017997803411259502,128806912
2025-05-12T05:52:28.789000,hash-gen-deployment,0.1,134217728,0.16,163577856,0.007218868010192551,0.018342668894129287,128806912
2025-05-12T05:52:58.869000,hash-gen-deployment,0.1,134217728,0.16,163577856,0.007277198822165919,0.01935365587218544,149409792
2025-05-12T05:53:28.960000,hash-gen-deployment,0.1,134217728,0.16,163577856,0.008667667769426589,0.01971377751019102,149409792
2025-05-12T05:53:59.037000,hash-gen-deployment,0.1,134217728,0.16,163577856,0.008867719632522945,0.019842321373775118,151662592
2025-05-12T05:54:29.114000,hash-gen-deployment,0.1,134217728,0.16,163577856,0.008893245864574725,0.020197412142650976,151662592
2025-05-12T05:54:59.185000,hash-gen-deployment,0.1,134217728,0.16,163577856,0.009095072777887533,0.020213002106677647,152797184
2025-05-12T05:55:29.256000,hash-gen-deployment,0.1,134217728,0.16,163577856,0.008979436278363492,0.02056071499185096,152797184
2025-05-12T05:55:59.316000,hash-gen-deployment,0.1,134217728,0.16,163577856,0.00917864853547033,0.020507636520026795,153796608
2025-05-12T05:56:29.389000,hash-gen-deployment,0.1,134217728,0.16,163577856,0.009049515925073533,0.020847008233672328,153796608
2025-05-12T05:56:59.470000,hash-gen-deployment,0.1,134217728,0.16,163577856,0.009266612571080742,0.020667485039132096,154423296
2025-05-12T05:57:29.545000,hash-gen-deployment,0.1,134217728,0.16,163577856,0.009133056261383174,0.02099669957481628,154423296
2025-05-12T05:57:59.623000,hash-gen-deployment,0.1,134217728,0.16,163577856,0.009311737664019937,0.020858612476321564,155160576
2025-05-12T05:58:29.701000,hash-gen-deployment,0.1,134217728,0.16,163577856,0.009200879279846808,0.021178872004285147,155160576
2025-05-12T05:58:59.781000,hash-gen-deployment,0.1,134217728,0.16,163577856,0.009377107463892215,0.02100411849928279,155561984
2025-05-12T05:59:29.859000,hash-gen-deployment,0.1,134217728,0.16,163577856,0.009262544028836642,0.021277573458751496,155561984
2025-05-12T05:59:59.938000,hash-gen-deployment,0.1,134217728,0.16,163577856,0.009433305811262057,0.021178142241722635,156004352
2025-05-12T06:00:30.003000,hash-gen-deployment,0.1,134217728,0.16,163577856,0.00923421354350604,0.02148163133235468,156004352
2025-05-12T06:01:00.084000,hash-gen-deployment,0.1,134217728,0.16,163577856,0.009397631756966772,0.021343366073696895,156340224
2025-05-12T06:01:30.159000,hash-gen-deployment,0.1,134217728,0.16,163577856,0.009252089671236726,0.02163918076340019,156340224
2025-05-12T06:02:00.237000,hash-gen-deployment,0.1,134217728,0.16,163577856,0.009411449921458615,0.021612677987355448,161693696
2025-05-12T06:02:30.315000,hash-gen-deployment,0.1,134217728,0.16,163577856,0.009250953625314038,0.021902836678864255,161693696
2025-05-12T06:03:00.388000,hash-gen-deployment,0.1,134217728,0.16,163577856,0.009404835556070194,0.021630606816845477,156827648
2025-05-12T06:03:30.469000,hash-gen-deployment,0.1,134217728,0.16,163577856,0.009245730417980193,0.021896554312901176,156827648
2025-05-12T06:04:00.551000,hash-gen-deployment,0.1,134217728,0.16,163577856,0.009396184215122227,0.021828755546330958,159100928
2025-05-12T06:04:30.623000,hash-gen-deployment,0.1,134217728,0.16,163577856,0.009234418174492337,0.022103362565049578,159100928
2025-05-12T06:05:00.700000,hash-gen-deployment,0.1,134217728,0.16,163577856,0.009379328197258924,0.021912805927507772,159469568
2025-05-12T06:05:30.781000,hash-gen-deployment,0.1,134217728,0.16,163577856,0.009179254461198745,0.022180478553580782,159469568
2025-05-12T06:06:00.861000,hash-gen-deployment,0.1,134217728,0.16,163577856,0.009319647683354575,0.022026863328475445,159358976
2025-05-12T06:06:30.948000,hash-gen-deployment,0.1,134217728,0.16,163577856,0.009202333867045696,0.022289003623544,159358976
2025-05-12T06:07:01.027000,hash-gen-deployment,0.1,134217728,0.16,163577856,0.009337474332831526,0.022075566256528917,159383552
2025-05-12T06:07:31.106000,hash-gen-deployment,0.1,134217728,0.16,163577856,0.009188219320272958,0.02233005284274197,159383552
2025-05-12T06:08:01.182000,hash-gen-deployment,0.1,134217728,0.16,163577856,0.009320694770742557,0.022187602396491424,159535104
2025-05-12T06:08:31.260000,hash-gen-deployment,0.1,134217728,0.16,163577856,0.00917877248734582,0.022435931232359076,159535104
2025-05-12T06:09:01.332000,hash-gen-deployment,0.1,134217728,0.16,163577856,0.009308206959929153,0.022277536819054783,159662080
2025-05-12T06:09:31.405000,hash-gen-deployment,0.1,134217728,0.16,163577856,0.009220177625394427,0.022519819168302178,159662080
2025-05-12T06:10:01.482000,hash-gen-deployment,0.1,134217728,0.16,163577856,0.009347030829797641,0.022361888869051393,159764480
2025-05-12T06:10:31.557000,hash-gen-deployment,0.1,134217728,0.16,163577856,0.00923829939446849,0.022599028420218485,159764480
2025-05-12T06:11:01.633000,hash-gen-deployment,0.1,134217728,0.16,163577856,0.009364305554626187,0.02263126243699255,160022528
2025-05-12T06:11:31.731000,hash-gen-deployment,0.1,134217728,0.16,163577856,0.009295357427991308,0.022865137252185735,160022528
2025-05-12T06:12:01.803000,hash-gen-deployment,0.1,134217728,0.16,163577856,0.009417703727886511,0.022669608430745287,160247808
2025-05-12T06:12:31.876000,hash-gen-deployment,0.1,134217728,0.16,163577856,0.00930619908436085,0.02289798205453559,160247808
2025-05-12T06:13:01.944000,hash-gen-deployment,0.1,134217728,0.16,163577856,0.00942539983716031,0.0236551463879545,62021632
2025-05-12T06:13:32.014000,hash-gen-deployment,0.1,134217728,0.16,163577856,0.00946968266338287,0.023889797691903084,62021632
2025-05-12T06:14:02.074000,hash-gen-deployment,0.1,134217728,0.16,163577856,0.009555236843670885,0.02652618335846651,157089792
2025-05-12T06:14:32.150000,hash-gen-deployment,0.1,134217728,0.16,163577856,0.016623030653892847,0.026788783775136035,157089792
2025-05-12T06:15:02.221000,hash-gen-deployment,0.1,134217728,0.16,163577856,0.01683487981983049,0.027010311693219307,161284096
2025-05-12T06:15:32.298000,hash-gen-deployment,0.1,134217728,0.16,163577856,0.016894848883131156,0.027271618916217204,161284096
2025-05-12T06:16:02.369000,hash-gen-deployment,0.1,134217728,0.16,163577856,0.017114479529997336,0.027448951242895744,162013184
2025-05-12T06:16:32.448000,hash-gen-deployment,0.1,134217728,0.16,163577856,0.01717069204486767,0.027708522113974107,162013184
2025-05-12T06:17:02.519000,hash-gen-deployment,0.1,134217728,0.16,163577856,0.01738719397285336,0.027721851221637325,162353152
2025-05-12T06:17:32.585000,hash-gen-deployment,0.1,134217728,0.16,163577856,0.017187061173982675,0.027618516797851544,162353152
2025-05-12T06:18:02.655000,hash-gen-deployment,0.1,134217728,0.16,163577856,0.0174031665517687,0.02797469884947702,163471360
2025-05-12T06:18:32.727000,hash-gen-deployment,0.1,134217728,0.16,163577856,0.017286035928481706,0.028227152372705074,163471360
2025-05-12T06:19:02.790000,hash-gen-deployment,0.1,134217728,0.16,163577856,0.017495872382665822,0.028045238915864565,323584
2025-05-12T06:19:32.858000,hash-gen-deployment,0.1,134217728,0.16,163577856,0.017723069862672417,0.028293580817823828,323584
2025-05-12T06:20:02.935000,hash-gen-deployment,0.1,134217728,0.16,163577856,0.017894387260493055,0.03004682193844464,86847488
2025-05-12T06:20:33.013000,hash-gen-deployment,0.1,134217728,0.16,163577856,0.018102413556444017,0.03031438330615328,86847488
2025-05-12T06:21:03.094000,hash-gen-deployment,0.1,134217728,0.16,163577856,0.018279831647751023,0.03214375631270598,146137088
2025-05-12T06:21:33.167000,hash-gen-deployment,0.1,134217728,0.16,163577856,0.01923923255802493,0.03237731971617734,146137088
2025-05-12T06:22:03.245000,hash-gen-deployment,0.1,134217728,0.16,163577856,0.01946171359900877,0.03260049164254256,146948096
2025-05-12T06:22:33.324000,hash-gen-deployment,0.1,134217728,0.16,163577856,0.019490987621817665,0.032886027654808705,146948096
2025-05-12T06:23:03.394000,hash-gen-deployment,0.1,134217728,0.16,163577856,0.019710584242261284,0.03285464761970647,149381120
2025-05-12T06:23:33.462000,hash-gen-deployment,0.1,134217728,0.16,163577856,0.01962013772459319,0.03305906124085411,149381120
2025-05-12T06:24:03.537000,hash-gen-deployment,0.1,134217728,0.16,163577856,0.019833987812358823,0.03301061635360914,150568960
2025-05-12T06:24:33.605000,hash-gen-deployment,0.1,134217728,0.16,163577856,0.019721739277615707,0.033290860670685964,150568960
2025-05-12T06:25:03.681000,hash-gen-deployment,0.1,134217728,0.16,163577856,0.019932220394188214,0.03338717730770128,158683136
2025-05-12T06:25:33.758000,hash-gen-deployment,0.1,134217728,0.16,163577856,0.01966660771603213,0.033658465758420686,158683136
2025-05-12T06:26:03.825000,hash-gen-deployment,0.1,134217728,0.16,163577856,0.01987308029484653,0.033656696507485935,155021312
2025-05-12T06:26:33.898000,hash-gen-deployment,0.1,134217728,0.16,163577856,0.019700824380414192,0.03389197740582462,155021312
2025-05-12T06:27:03.972000,hash-gen-deployment,0.1,134217728,0.16,163577856,0.01989536339904993,0.03384287009252614,155140096
2025-05-12T06:27:34.050000,hash-gen-deployment,0.1,134217728,0.16,163577856,0.019596689305783534,0.033740522812926194,155140096
2025-05-12T06:28:04.116000,hash-gen-deployment,0.1,134217728,0.16,163577856,0.01979557980688232,0.03395703530557645,155553792
2025-05-12T06:28:34.187000,hash-gen-deployment,0.1,134217728,0.16,163577856,0.01978283627548829,0.0342274432462397,155553792
2025-05-12T06:29:04.251000,hash-gen-deployment,0.1,134217728,0.16,163577856,0.01997117952863256,0.03407241122868466,158633984
2025-05-12T06:29:34.314000,hash-gen-deployment,0.1,134217728,0.16,163577856,0.02069903594913092,0.03427199009417521,158633984
