Timestamp,Service,CPU Request,Memory Request,CPU Limit,Memory Limit,Latency,CPU Usage,Memory Usage,Request Rate
2025-06-29T10:22:32.896000,service-1-deployment,0.08,109051904,0.3,268435456,0.0003535003846014694,0.014498764772520848,118853632,16.34827586206897
2025-06-29T10:22:50.031000,service-1-deployment,0.08,109051904,0.3,268435456,0.000353525959203242,0.014459229552355431,118849536,16.386206896551727
2025-06-29T10:23:03.006000,service-1-deployment,0.08,109051904,0.3,268435456,0.0003535570481618159,0.014497268589533523,118845440,16.41034482758621
2025-06-29T10:23:20.116000,service-1-deployment,0.08,109051904,0.3,268435456,0.00035356086833867375,0.014495860486548728,118845440,16.472413793103453
2025-06-29T10:23:33.084000,service-1-deployment,0.08,109051904,0.3,268435456,0.0003535840030221332,0.014493177300328992,118853632,16.496551724137934
2025-06-29T10:23:50.217000,service-1-deployment,0.08,109051904,0.3,268435456,0.0003535958147464405,0.014492318297740723,118845440,16.51724137931035
2025-06-29T10:24:03.165000,service-1-deployment,0.08,109051904,0.3,268435456,0.0003536716409541715,0.014448037942480466,118845440,16.53793103448276
2025-06-29T10:24:20.307000,service-1-deployment,0.08,109051904,0.3,268435456,0.00035376592207016103,0.01449186296638337,118853632,16.57931034482759
2025-06-29T10:24:33.249000,service-1-deployment,0.08,109051904,0.3,268435456,0.0003537448154698327,0.014426221124019352,118853632,16.589655172413796
2025-06-29T10:24:50.395000,service-1-deployment,0.08,109051904,0.3,268435456,0.000353712641213632,0.014433647816212728,118857728,16.617241379310347
2025-06-29T10:25:03.327000,service-1-deployment,0.08,109051904,0.3,268435456,0.0003537619659617605,0.014489989389824045,118849536,16.586206896551726
2025-06-29T10:25:20.488000,service-1-deployment,0.08,109051904,0.3,268435456,0.00035379547889313214,0.014489304642817072,118845440,16.47586206896552
2025-06-29T10:25:33.412000,service-1-deployment,0.08,109051904,0.3,268435456,0.00035380482163425254,0.014488394607370838,118841344,16.458620689655177
2025-06-29T10:25:50.562000,service-1-deployment,0.08,109051904,0.3,268435456,0.0003538784076716861,0.014443070865009362,118845440,16.455172413793107
2025-06-29T10:26:03.497000,service-1-deployment,0.08,109051904,0.3,268435456,0.0003538564808663998,0.014447459036400519,118845440,16.365517241379315
2025-06-29T10:26:20.649000,service-1-deployment,0.08,109051904,0.3,268435456,0.0003538519848786663,0.014487379368056455,118857728,16.331034482758625
2025-06-29T10:26:33.571000,service-1-deployment,0.08,109051904,0.3,268435456,0.0003538549291884774,0.014439595374269563,118857728,16.027586206896554
2025-06-29T10:26:50.724000,service-1-deployment,0.08,109051904,0.3,268435456,0.0003538232950421886,0.014433390902622637,118861824,16.03448275862069
2025-06-29T10:27:03.738000,service-1-deployment,0.08,109051904,0.3,268435456,0.0003538155174068099,0.014485289906943451,118857728,16.062068965517245
2025-06-29T10:27:20.826000,service-1-deployment,0.08,109051904,0.3,268435456,0.0003537007533973928,0.014485225405996643,118861824,16.148275862068967
2025-06-29T10:27:33.818000,service-1-deployment,0.08,109051904,0.3,268435456,0.0003536334123127579,0.014444045116592972,118861824,16.186206896551727
2025-06-29T10:27:50.919000,service-1-deployment,0.08,109051904,0.3,268435456,0.00035352462052626847,0.014483079353228252,118865920,16.27241379310345
2025-06-29T10:28:03.922000,service-1-deployment,0.08,109051904,0.3,268435456,0.0003535682067786799,0.014431137390836953,118865920,16.255172413793108
2025-06-29T10:28:21.013000,service-1-deployment,0.08,109051904,0.3,268435456,0.0003536456655209843,0.014423784232618803,118861824,16.234482758620693
2025-06-29T10:28:34.004000,service-1-deployment,0.08,109051904,0.3,268435456,0.000353706927727624,0.014442091424261231,118861824,16.224137931034488
2025-06-29T10:28:51.103000,service-1-deployment,0.08,109051904,0.3,268435456,0.0003538166962075689,0.014425797755221974,118853632,16.200000000000003
2025-06-29T10:29:04.095000,service-1-deployment,0.08,109051904,0.3,268435456,0.00035384871754316267,0.014441629664298855,118857728,16.158620689655177
2025-06-29T10:29:21.191000,service-1-deployment,0.08,109051904,0.3,268435456,0.00035395824236388924,0.014440093218807617,118861824,16.10344827586207
2025-06-29T10:29:34.187000,service-1-deployment,0.08,109051904,0.3,268435456,0.00035399879894965666,0.014476536343281521,118861824,16.062068965517245
2025-06-29T10:29:51.271000,service-1-deployment,0.08,109051904,0.3,268435456,0.00035413871652929834,0.01447458314510681,118857728,16.0448275862069
2025-06-29T10:30:04.290000,service-1-deployment,0.08,109051904,0.3,268435456,0.0003541806943538451,0.014405023756421621,118857728,16.024137931034485
2025-06-29T10:30:21.358000,service-1-deployment,0.08,109051904,0.3,268435456,0.000354220453166347,0.01441323714953986,118853632,16.082758620689656
2025-06-29T10:30:34.373000,service-1-deployment,0.08,109051904,0.3,268435456,0.00035421504091691423,0.014467266456320484,118865920,16.14137931034483
2025-06-29T10:30:51.443000,service-1-deployment,0.08,109051904,0.3,268435456,0.00035434612538514645,0.014468786232222777,118870016,16.203448275862073
2025-06-29T10:31:04.450000,service-1-deployment,0.08,109051904,0.3,268435456,0.00035447658132196707,0.014399644787910086,118870016,16.196551724137933
2025-06-29T10:31:21.548000,service-1-deployment,0.08,109051904,0.3,268435456,0.0003542276002532325,0.014476049761776973,118870016,16.420689655172417
2025-06-29T10:31:34.534000,service-1-deployment,0.08,109051904,0.3,268435456,0.0003541348749164137,0.014443433691423554,118870016,16.420689655172417
2025-06-29T10:31:51.630000,service-1-deployment,0.08,109051904,0.3,268435456,0.00035412310654060064,0.01447013039325509,119128064,15.862068965517242
2025-06-29T10:32:04.619000,service-1-deployment,0.08,109051904,0.3,268435456,0.0003540876714420278,0.014469119975280382,118882304,15.789655172413795
2025-06-29T10:32:21.721000,service-1-deployment,0.08,109051904,0.3,268435456,0.0003540712840894672,0.014468389507578498,118886400,15.631034482758622
2025-06-29T10:32:34.710000,service-1-deployment,0.08,109051904,0.3,268435456,0.00035406189028939746,0.014359879481244104,118886400,15.520689655172415
2025-06-29T10:32:51.809000,service-1-deployment,0.08,109051904,0.3,268435456,0.00035408256117922026,0.014468862611623425,118886400,15.43448275862069
2025-06-29T10:33:04.787000,service-1-deployment,0.08,109051904,0.3,268435456,0.0003540432550748765,0.014470182498446699,118890496,15.396551724137932
2025-06-29T10:33:21.899000,service-1-deployment,0.08,109051904,0.3,268435456,0.00035401709522861046,0.014469665520071399,118894592,15.348275862068967
2025-06-29T10:33:34.890000,service-1-deployment,0.08,109051904,0.3,268435456,0.0003540229369884815,0.014470148363675687,118886400,15.3
2025-06-29T10:33:51.999000,service-1-deployment,0.08,109051904,0.3,268435456,0.0003540014414970661,0.014469873698772267,118886400,15.27241379310345
2025-06-29T10:34:04.962000,service-1-deployment,0.08,109051904,0.3,268435456,0.0003539756309995826,0.014391028407586487,118886400,15.275862068965518
2025-06-29T10:34:22.083000,service-1-deployment,0.08,109051904,0.3,268435456,0.0003539912630235205,0.014469555650293956,118882304,15.265517241379312
2025-06-29T10:34:35.040000,service-1-deployment,0.08,109051904,0.3,268435456,0.0003540607082744892,0.01447134272935577,118890496,15.251724137931037
2025-06-29T10:34:52.175000,service-1-deployment,0.08,109051904,0.3,268435456,0.0003540377371041637,0.014434250704543856,118882304,15.224137931034484
2025-06-29T10:35:05.139000,service-1-deployment,0.08,109051904,0.3,268435456,0.0003540147901015557,0.014471199305372532,118886400,15.175862068965518
2025-06-29T10:35:22.252000,service-1-deployment,0.08,109051904,0.3,268435456,0.00035404456314493804,0.014473262927519872,118886400,15.00689655172414
2025-06-29T10:35:35.223000,service-1-deployment,0.08,109051904,0.3,268435456,0.0003540310613719065,0.014470539612534422,118886400,14.920689655172415
2025-06-29T10:35:52.353000,service-1-deployment,0.08,109051904,0.3,268435456,0.00035402717495519376,0.01441089231215233,118886400,14.793103448275863
2025-06-29T10:36:05.300000,service-1-deployment,0.08,109051904,0.3,268435456,0.00035402624939348754,0.014468830079257214,118886400,14.627586206896552
2025-06-29T10:36:22.448000,service-1-deployment,0.08,109051904,0.3,268435456,0.00035403945294533294,0.014466900642998274,118882304,14.413793103448278
2025-06-29T10:36:35.387000,service-1-deployment,0.08,109051904,0.3,268435456,0.00035399877191235083,0.014466457104025738,118886400,14.827586206896553
2025-06-29T10:36:52.530000,service-1-deployment,0.08,109051904,0.3,268435456,0.0003540922736230108,0.014466545133941652,118882304,14.779310344827588
2025-06-29T10:37:05.476000,service-1-deployment,0.08,109051904,0.3,268435456,0.00035409435646236375,0.0144653002053764,118882304,14.758620689655174
2025-06-29T10:37:22.623000,service-1-deployment,0.08,109051904,0.3,268435456,0.00035409593825617514,0.014463960935061027,118886400,14.748275862068967
2025-06-29T10:37:35.566000,service-1-deployment,0.08,109051904,0.3,268435456,0.0003540963924392303,0.014461747210197102,119152640,14.731034482758622
2025-06-29T10:37:52.702000,service-1-deployment,0.08,109051904,0.3,268435456,0.0003540968175839709,0.0144610054453955,118882304,14.700000000000001
2025-06-29T10:38:05.651000,service-1-deployment,0.08,109051904,0.3,268435456,0.0003541321547226547,0.014461016191591741,118890496,14.70344827586207
2025-06-29T10:38:22.773000,service-1-deployment,0.08,109051904,0.3,268435456,0.00035413310883232344,0.01446085494321168,118886400,14.679310344827588
2025-06-29T10:38:35.734000,service-1-deployment,0.08,109051904,0.3,268435456,0.00035411837840384027,0.01445763894127211,118886400,14.675862068965518
2025-06-29T10:38:52.851000,service-1-deployment,0.08,109051904,0.3,268435456,0.00035404043470778075,0.014414752928408124,118886400,14.686206896551726
2025-06-29T10:39:05.824000,service-1-deployment,0.08,109051904,0.3,268435456,0.00035387484463240715,0.014453419760932179,118890496,14.724137931034484
2025-06-29T10:39:22.938000,service-1-deployment,0.08,109051904,0.3,268435456,0.0003536705283981889,0.014403123743548539,118890496,14.87241379310345
2025-06-29T10:39:35.909000,service-1-deployment,0.08,109051904,0.3,268435456,0.0003535132152109402,0.014453996680392014,118882304,14.944827586206898
2025-06-29T10:39:53.037000,service-1-deployment,0.08,109051904,0.3,268435456,0.0003534029679536992,0.014453857439021925,118878208,14.979310344827587
2025-06-29T10:40:05.987000,service-1-deployment,0.08,109051904,0.3,268435456,0.0003534583484174354,0.01445251333884005,118890496,14.982758620689657
2025-06-29T10:40:23.136000,service-1-deployment,0.08,109051904,0.3,268435456,0.0003535772107787248,0.014448360904050989,118882304,15.048275862068968
2025-06-29T10:40:36.064000,service-1-deployment,0.08,109051904,0.3,268435456,0.00035355208025696723,0.014447308620438666,118886400,15.072413793103449
2025-06-29T10:40:53.221000,service-1-deployment,0.08,109051904,0.3,268435456,0.000353502264142749,0.014374478639743121,118886400,15.151724137931035
2025-06-29T10:41:06.140000,service-1-deployment,0.08,109051904,0.3,268435456,0.0003535652923447316,0.014441148293552827,118890496,15.24137931034483
2025-06-29T10:41:23.303000,service-1-deployment,0.08,109051904,0.3,268435456,0.0003533576345645974,0.014363771268367546,118890496,15.50344827586207
2025-06-29T10:41:36.211000,service-1-deployment,0.08,109051904,0.3,268435456,0.00035315586585277925,0.014398502679837447,118886400,15.67241379310345
2025-06-29T10:41:53.381000,service-1-deployment,0.08,109051904,0.3,268435456,0.0003530617265817716,0.014378176082399857,118886400,15.165517241379312
2025-06-29T10:42:06.281000,service-1-deployment,0.08,109051904,0.3,268435456,0.00035310043192343166,0.014375739710049542,119156736,14.948275862068966
2025-06-29T10:42:23.483000,service-1-deployment,0.08,109051904,0.3,268435456,0.0003531505874818309,0.014307621017079407,119156736,14.927586206896553
2025-06-29T10:42:36.370000,service-1-deployment,0.08,109051904,0.3,268435456,0.0003531437016899851,0.014367697907010552,118894592,14.90689655172414
2025-06-29T10:42:53.575000,service-1-deployment,0.08,109051904,0.3,268435456,0.0003532094578501573,0.014292575980610428,118894592,14.910344827586208
2025-06-29T10:43:06.439000,service-1-deployment,0.08,109051904,0.3,268435456,0.00035319519873495844,0.014366267133648285,118898688,14.93448275862069
2025-06-29T10:43:23.644000,service-1-deployment,0.08,109051904,0.3,268435456,0.00035333283544280644,0.014306835115579801,118898688,14.944827586206898
2025-06-29T10:43:36.531000,service-1-deployment,0.08,109051904,0.3,268435456,0.0003533606832924072,0.014359158884272165,118894592,14.93448275862069
2025-06-29T10:43:53.728000,service-1-deployment,0.08,109051904,0.3,268435456,0.0003533765976668424,0.014299255478887645,118894592,14.837931034482759
2025-06-29T10:44:06.622000,service-1-deployment,0.08,109051904,0.3,268435456,0.0003534337550738102,0.014353880006956905,118894592,14.789655172413795
2025-06-29T10:44:23.812000,service-1-deployment,0.08,109051904,0.3,268435456,0.0003534858923701527,0.01429980952490514,118894592,14.617241379310347
2025-06-29T10:44:36.716000,service-1-deployment,0.08,109051904,0.3,268435456,0.0003535021077774548,0.014352451676714888,118894592,14.565517241379311
2025-06-29T10:44:53.886000,service-1-deployment,0.08,109051904,0.3,268435456,0.0003535366303417626,0.014352049904407811,118902784,14.558620689655173
2025-06-29T10:45:06.791000,service-1-deployment,0.08,109051904,0.3,268435456,0.00035356613000254864,0.014351937367237088,118898688,14.558620689655173
2025-06-29T10:45:23.979000,service-1-deployment,0.08,109051904,0.3,268435456,0.0003536484303354834,0.01429798062490985,118898688,14.486206896551725
2025-06-29T10:45:36.887000,service-1-deployment,0.08,109051904,0.3,268435456,0.0003536021338724663,0.014349309725106936,118894592,14.468965517241381
2025-06-29T10:45:54.056000,service-1-deployment,0.08,109051904,0.3,268435456,0.000353589201355367,0.01430795190061969,118894592,14.334482758620691
2025-06-29T10:46:06.967000,service-1-deployment,0.08,109051904,0.3,268435456,0.00035351084855274225,0.014344648495662148,119156736,14.224137931034484
2025-06-29T10:46:24.137000,service-1-deployment,0.08,109051904,0.3,268435456,0.0003534244039060638,0.014277656989757642,119156736,13.948275862068966
2025-06-29T10:46:37.042000,service-1-deployment,0.08,109051904,0.3,268435456,0.0003534246643833149,0.014340944873560817,118890496,13.982758620689657
2025-06-29T10:46:54.224000,service-1-deployment,0.08,109051904,0.3,268435456,0.00035326530738817764,0.014274759248566707,118890496,14.710344827586209
2025-06-29T10:47:07.135000,service-1-deployment,0.08,109051904,0.3,268435456,0.00035322169291869256,0.014335982987608228,118898688,14.748275862068967
2025-06-29T10:47:24.302000,service-1-deployment,0.08,109051904,0.3,268435456,0.0003532014369727966,0.014334416047942583,118890496,14.817241379310346
2025-06-29T10:47:37.210000,service-1-deployment,0.08,109051904,0.3,268435456,0.00035316820742238586,0.014333671075740307,118890496,14.820689655172416
2025-06-29T10:47:54.402000,service-1-deployment,0.08,109051904,0.3,268435456,0.0003532018013372929,0.014293913160013001,118894592,14.824137931034484
2025-06-29T10:48:07.281000,service-1-deployment,0.08,109051904,0.3,268435456,0.0003531703915578149,0.014332727090628078,118894592,14.824137931034484
2025-06-29T10:48:24.475000,service-1-deployment,0.08,109051904,0.3,268435456,0.00035314549952634067,0.014332566962524046,118898688,14.879310344827587
2025-06-29T10:48:37.377000,service-1-deployment,0.08,109051904,0.3,268435456,0.00035309164992531017,0.014331457162989655,118894592,14.90689655172414
2025-06-29T10:48:54.549000,service-1-deployment,0.08,109051904,0.3,268435456,0.0003531034945617522,0.01432955358012213,118894592,14.93793103448276
2025-06-29T10:49:07.450000,service-1-deployment,0.08,109051904,0.3,268435456,0.00035304754334480914,0.014328546378325268,118898688,14.965517241379311
2025-06-29T10:49:24.626000,service-1-deployment,0.08,109051904,0.3,268435456,0.0003530217074908002,0.014286470628323302,118894592,14.982758620689657
2025-06-29T10:49:37.528000,service-1-deployment,0.08,109051904,0.3,268435456,0.00035302125127056265,0.014325822325894525,118894592,14.979310344827587
2025-06-29T10:49:54.711000,service-1-deployment,0.08,109051904,0.3,268435456,0.0003530342379278336,0.014326743869798821,118902784,15.010344827586207
2025-06-29T10:50:07.600000,service-1-deployment,0.08,109051904,0.3,268435456,0.0003530990574249833,0.014324613108943608,118890496,15.031034482758622
2025-06-29T10:50:24.785000,service-1-deployment,0.08,109051904,0.3,268435456,0.0003531506571235913,0.014324350382911091,118902784,15.131034482758622
2025-06-29T10:50:37.678000,service-1-deployment,0.08,109051904,0.3,268435456,0.00035316278422903535,0.014325517911753058,118890496,15.17241379310345
2025-06-29T10:50:54.880000,service-1-deployment,0.08,109051904,0.3,268435456,0.0003532345106573059,0.014249942263319713,118890496,15.193103448275863
2025-06-29T10:51:07.767000,service-1-deployment,0.08,109051904,0.3,268435456,0.0003533064190130555,0.014321049136970802,118890496,15.23793103448276
2025-06-29T10:51:24.957000,service-1-deployment,0.08,109051904,0.3,268435456,0.00035343507104503995,0.014258079483118939,118890496,15.310344827586208
2025-06-29T10:51:37.843000,service-1-deployment,0.08,109051904,0.3,268435456,0.0003533069636821527,0.014309656884645448,118890496,15.424137931034483
2025-06-29T10:51:55.044000,service-1-deployment,0.08,109051904,0.3,268435456,0.0003526803175882517,0.014367082279655167,118910976,16.81379310344828
2025-06-29T10:52:07.926000,service-1-deployment,0.08,109051904,0.3,268435456,0.000352477724634797,0.014407438236070585,118910976,17.131034482758626
2025-06-29T10:52:25.152000,service-1-deployment,0.08,109051904,0.3,268435456,0.00035214043483209115,0.01436203812454321,118890496,17.265517241379314
2025-06-29T10:52:38.017000,service-1-deployment,0.08,109051904,0.3,268435456,0.00035203349558545003,0.014373751673862886,118894592,17.33793103448276
2025-06-29T10:52:55.245000,service-1-deployment,0.08,109051904,0.3,268435456,0.000351678690008479,0.01441430463346182,118894592,17.48275862068966
2025-06-29T10:53:08.097000,service-1-deployment,0.08,109051904,0.3,268435456,0.00035157382195535343,0.01436780719181375,118902784,17.54137931034483
2025-06-29T10:53:25.315000,service-1-deployment,0.08,109051904,0.3,268435456,0.00035132105473380834,0.014418843735015806,118902784,17.682758620689658
2025-06-29T10:53:38.177000,service-1-deployment,0.08,109051904,0.3,268435456,0.00035117450842787456,0.014419091710942853,118902784,17.75172413793104
2025-06-29T10:53:55.386000,service-1-deployment,0.08,109051904,0.3,268435456,0.00035092330074498024,0.014379536151176953,118898688,17.8448275862069
2025-06-29T10:54:08.259000,service-1-deployment,0.08,109051904,0.3,268435456,0.00035077734747332933,0.014421801117119064,118894592,17.903448275862072
2025-06-29T10:54:25.485000,service-1-deployment,0.08,109051904,0.3,268435456,0.0003505253939339436,0.014422377860021629,118902784,18.024137931034485
2025-06-29T10:54:38.344000,service-1-deployment,0.08,109051904,0.3,268435456,0.000350416078005644,0.014423677385319996,118890496,18.089655172413796
2025-06-29T10:54:55.563000,service-1-deployment,0.08,109051904,0.3,268435456,0.00035026183976719484,0.014424306562207815,118898688,18.206896551724142
2025-06-29T10:55:08.482000,service-1-deployment,0.08,109051904,0.3,268435456,0.00035014325909098757,0.014424887664198253,119160832,18.227586206896554
2025-06-29T10:55:25.655000,service-1-deployment,0.08,109051904,0.3,268435456,0.0003499931822227822,0.014428428021568676,118898688,18.28620689655173
2025-06-29T10:55:38.553000,service-1-deployment,0.08,109051904,0.3,268435456,0.0003498600822554321,0.014428423939200935,118902784,18.34827586206897
2025-06-29T10:55:55.736000,service-1-deployment,0.08,109051904,0.3,268435456,0.00034965849206776206,0.014430805167045225,118894592,18.451724137931038
2025-06-29T10:56:08.627000,service-1-deployment,0.08,109051904,0.3,268435456,0.000349556173165833,0.014431534401279176,118898688,18.465517241379313
2025-06-29T10:56:25.814000,service-1-deployment,0.08,109051904,0.3,268435456,0.00034930806583330376,0.014432106124934603,118898688,18.434482758620693
2025-06-29T10:56:38.710000,service-1-deployment,0.08,109051904,0.3,268435456,0.00034925757005747714,0.014433843267450858,118894592,17.793103448275865
2025-06-29T10:56:55.891000,service-1-deployment,0.08,109051904,0.3,268435456,0.00034902399268166176,0.01443457057315018,118902784,16.893103448275866
2025-06-29T10:57:08.801000,service-1-deployment,0.08,109051904,0.3,268435456,0.0003489326223947581,0.014377952202084533,118902784,16.882758620689657
2025-06-29T10:57:25.967000,service-1-deployment,0.08,109051904,0.3,268435456,0.00034871500314695816,0.014434060438548125,118894592,16.87931034482759
2025-06-29T10:57:38.881000,service-1-deployment,0.08,109051904,0.3,268435456,0.0003486196084127348,0.014433416396390227,118894592,16.86896551724138
2025-06-29T10:57:56.066000,service-1-deployment,0.08,109051904,0.3,268435456,0.0003484030388849189,0.014432672979371019,118898688,16.84827586206897
2025-06-29T10:58:08.983000,service-1-deployment,0.08,109051904,0.3,268435456,0.00034829605075480086,0.014432722962352724,118902784,16.834482758620695
2025-06-29T10:58:26.134000,service-1-deployment,0.08,109051904,0.3,268435456,0.0003480887231884603,0.014431785909826512,118906880,16.800000000000004
2025-06-29T10:58:39.076000,service-1-deployment,0.08,109051904,0.3,268435456,0.00034798452394979714,0.014390248755667247,118906880,16.78275862068966
2025-06-29T10:58:56.222000,service-1-deployment,0.08,109051904,0.3,268435456,0.00034769953665239096,0.014431262081100451,118906880,16.78620689655173
2025-06-29T10:59:09.150000,service-1-deployment,0.08,109051904,0.3,268435456,0.000347503169695564,0.014431380998504557,118906880,16.793103448275865
2025-06-29T10:59:26.306000,service-1-deployment,0.08,109051904,0.3,268435456,0.0003473974074780674,0.01443202860662775,118902784,16.77586206896552
2025-06-29T10:59:39.226000,service-1-deployment,0.08,109051904,0.3,268435456,0.0003474452004527791,0.014433917239165085,118898688,16.77586206896552
2025-06-29T10:59:56.400000,service-1-deployment,0.08,109051904,0.3,268435456,0.00034738043520647155,0.014437557028118806,118910976,16.789655172413795
2025-06-29T11:00:09.320000,service-1-deployment,0.08,109051904,0.3,268435456,0.0003474207446304083,0.014438668025729262,118898688,16.820689655172412
2025-06-29T11:00:26.484000,service-1-deployment,0.08,109051904,0.3,268435456,0.0003473790913562639,0.014399980853481105,118902784,16.84827586206897
2025-06-29T11:00:39.450000,service-1-deployment,0.08,109051904,0.3,268435456,0.00034730349912696635,0.014438246422875401,118906880,16.865517241379315
2025-06-29T11:00:56.572000,service-1-deployment,0.08,109051904,0.3,268435456,0.00034727897922642647,0.01443996368416813,118906880,16.893103448275866
2025-06-29T11:01:09.526000,service-1-deployment,0.08,109051904,0.3,268435456,0.0003472226314064292,0.014440319293790405,118898688,16.97586206896552
2025-06-29T11:01:26.653000,service-1-deployment,0.08,109051904,0.3,268435456,0.000347172724226482,0.014421419543633388,118902784,17.034482758620694
2025-06-29T11:01:39.619000,service-1-deployment,0.08,109051904,0.3,268435456,0.00034690388402204477,0.014421731032336935,118902784,16.87241379310345
2025-06-29T11:01:56.733000,service-1-deployment,0.08,109051904,0.3,268435456,0.00034683020031022664,0.014414600126547284,118902784,16.865517241379315
2025-06-29T11:02:09.689000,service-1-deployment,0.08,109051904,0.3,268435456,0.0003466417512783486,0.01431507783898304,118902784,16.83793103448276
2025-06-29T11:02:26.820000,service-1-deployment,0.08,109051904,0.3,268435456,0.0003465428126090844,0.014416240650670813,118906880,16.834482758620695
2025-06-29T11:02:39.765000,service-1-deployment,0.08,109051904,0.3,268435456,0.0003463312566521281,0.014419545720206853,118898688,16.824137931034485
2025-06-29T11:02:56.919000,service-1-deployment,0.08,109051904,0.3,268435456,0.00034618929272892194,0.014420709205371748,118898688,16.824137931034485
2025-06-29T11:03:09.855000,service-1-deployment,0.08,109051904,0.3,268435456,0.0003459280818282019,0.01442158657411059,118906880,16.824137931034485
2025-06-29T11:03:27.015000,service-1-deployment,0.08,109051904,0.3,268435456,0.0003457628203578969,0.014423757444492397,118902784,16.831034482758625
2025-06-29T11:03:39.939000,service-1-deployment,0.08,109051904,0.3,268435456,0.0003455706052103507,0.014425244195530504,118894592,16.81724137931035
2025-06-29T11:03:57.115000,service-1-deployment,0.08,109051904,0.3,268435456,0.0003476956812574353,0.014442911967422822,118894592,16.827586206896555
2025-06-29T11:04:10.021000,service-1-deployment,0.08,109051904,0.3,268435456,0.00034743285393936443,0.014443377776339666,118906880,16.78620689655173
2025-06-29T11:04:27.191000,service-1-deployment,0.08,109051904,0.3,268435456,0.0003472469154415064,0.014441808540329303,118898688,16.762068965517244
2025-06-29T11:04:40.105000,service-1-deployment,0.08,109051904,0.3,268435456,0.0003470006704178912,0.014441987400657271,118902784,16.727586206896554
2025-06-29T11:04:57.268000,service-1-deployment,0.08,109051904,0.3,268435456,0.00034692737471207357,0.014442738779930742,118902784,16.693103448275867
2025-06-29T11:05:10.180000,service-1-deployment,0.08,109051904,0.3,268435456,0.00034670668573250063,0.014444926091122117,118894592,16.586206896551726
2025-06-29T11:05:27.342000,service-1-deployment,0.08,109051904,0.3,268435456,0.00034655959659000046,0.014442963036956228,118898688,16.524137931034485
2025-06-29T11:05:40.262000,service-1-deployment,0.08,109051904,0.3,268435456,0.00034636037307542525,0.014444803685619172,118906880,16.420689655172417
2025-06-29T11:05:57.438000,service-1-deployment,0.08,109051904,0.3,268435456,0.0003462481549457745,0.014443445615005348,118902784,16.37241379310345
2025-06-29T11:06:10.342000,service-1-deployment,0.08,109051904,0.3,268435456,0.0003459775227377181,0.014443812508592878,118894592,16.220689655172418
2025-06-29T11:06:27.517000,service-1-deployment,0.08,109051904,0.3,268435456,0.00034589537326309234,0.01444356033905399,118898688,16.300000000000004
2025-06-29T11:06:40.425000,service-1-deployment,0.08,109051904,0.3,268435456,0.0003457326265043208,0.01438630518619435,118898688,16.327586206896555
2025-06-29T11:06:57.600000,service-1-deployment,0.08,109051904,0.3,268435456,0.00034565550389568993,0.01444377198612591,118898688,16.300000000000004
2025-06-29T11:07:10.523000,service-1-deployment,0.08,109051904,0.3,268435456,0.0003454560177984942,0.014385420125054968,118898688,16.265517241379314
2025-06-29T11:07:27.680000,service-1-deployment,0.08,109051904,0.3,268435456,0.0003453886421309062,0.014446251159925353,118902784,16.24827586206897
2025-06-29T11:07:40.610000,service-1-deployment,0.08,109051904,0.3,268435456,0.00034522493291338336,0.014446132947308421,118898688,16.189655172413797
2025-06-29T11:07:57.778000,service-1-deployment,0.08,109051904,0.3,268435456,0.0003451512252249071,0.014448223145102895,118902784,16.172413793103452
2025-06-29T11:08:10.683000,service-1-deployment,0.08,109051904,0.3,268435456,0.0003448744404640169,0.014448893739674448,118898688,16.127586206896556
2025-06-29T11:08:27.856000,service-1-deployment,0.08,109051904,0.3,268435456,0.00034482745904789016,0.014449180286655346,118902784,16.10689655172414
2025-06-29T11:08:40.773000,service-1-deployment,0.08,109051904,0.3,268435456,0.0003446418886657164,0.014449255319979846,118902784,16.027586206896554
2025-06-29T11:08:57.943000,service-1-deployment,0.08,109051904,0.3,268435456,0.00034455380356891057,0.014451370464039133,118894592,16.01379310344828
2025-06-29T11:09:10.884000,service-1-deployment,0.08,109051904,0.3,268435456,0.00034436505355916927,0.01445308364478647,118898688,15.993103448275864
2025-06-29T11:09:28.020000,service-1-deployment,0.08,109051904,0.3,268435456,0.00034428775174708253,0.014451565769662235,118902784,15.972413793103449
2025-06-29T11:09:40.960000,service-1-deployment,0.08,109051904,0.3,268435456,0.0003441852143385081,0.014408416349370045,118898688,15.93793103448276
2025-06-29T11:09:58.104000,service-1-deployment,0.08,109051904,0.3,268435456,0.00034413298062915576,0.014452787111694477,118898688,15.917241379310346
2025-06-29T11:10:11.035000,service-1-deployment,0.08,109051904,0.3,268435456,0.00034402046083484435,0.014452984975294429,118902784,15.91034482758621
2025-06-29T11:10:28.196000,service-1-deployment,0.08,109051904,0.3,268435456,0.0003439239649903301,0.014452372390612476,118894592,15.968965517241381
2025-06-29T11:10:41.111000,service-1-deployment,0.08,109051904,0.3,268435456,0.0003437725098673212,0.014455413479693344,118894592,16.024137931034485
2025-06-29T11:10:58.268000,service-1-deployment,0.08,109051904,0.3,268435456,0.00034375294563823396,0.014455505349868789,118898688,16.03448275862069
2025-06-29T11:11:11.195000,service-1-deployment,0.08,109051904,0.3,268435456,0.00034357426737817627,0.01440514340416607,118898688,16.172413793103452
2025-06-29T11:11:28.358000,service-1-deployment,0.08,109051904,0.3,268435456,0.000343493665441625,0.014458719157703944,118902784,16.227586206896554
2025-06-29T11:11:41.288000,service-1-deployment,0.08,109051904,0.3,268435456,0.0003432639802328824,0.014532165517595518,118902784,16.703448275862073
2025-06-29T11:11:58.438000,service-1-deployment,0.08,109051904,0.3,268435456,0.0003433044560146445,0.014544245534271834,118898688,16.651724137931037
2025-06-29T11:12:11.357000,service-1-deployment,0.08,109051904,0.3,268435456,0.0003433400994279524,0.014504249373212553,118898688,16.52068965517242
2025-06-29T11:12:28.528000,service-1-deployment,0.08,109051904,0.3,268435456,0.0003433389505503118,0.014495454960722761,119160832,16.486206896551728
2025-06-29T11:12:41.431000,service-1-deployment,0.08,109051904,0.3,268435456,0.00034345665020504135,0.014538931665693483,118890496,16.37241379310345
2025-06-29T11:12:58.604000,service-1-deployment,0.08,109051904,0.3,268435456,0.00034347777030753837,0.014497913532212756,118898688,16.320689655172416
2025-06-29T11:13:11.529000,service-1-deployment,0.08,109051904,0.3,268435456,0.0003435253229624995,0.014482452977004415,118898688,16.206896551724142
2025-06-29T11:13:28.690000,service-1-deployment,0.08,109051904,0.3,268435456,0.0003435252377243826,0.014531423531799427,118894592,16.17586206896552
2025-06-29T11:13:41.616000,service-1-deployment,0.08,109051904,0.3,268435456,0.00034362830973342794,0.014490184172118841,118894592,16.07586206896552
2025-06-29T11:13:58.763000,service-1-deployment,0.08,109051904,0.3,268435456,0.0003436599235110175,0.014528400813504361,118898688,16.024137931034485
2025-06-29T11:14:11.702000,service-1-deployment,0.08,109051904,0.3,268435456,0.00034371182182682444,0.014525362165261357,118902784,15.917241379310346
2025-06-29T11:14:28.842000,service-1-deployment,0.08,109051904,0.3,268435456,0.0003436594393812266,0.014524342726738663,118898688,15.879310344827587
2025-06-29T11:14:41.780000,service-1-deployment,0.08,109051904,0.3,268435456,0.00034377330366510393,0.014478487483906434,118898688,15.80344827586207
2025-06-29T11:14:58.939000,service-1-deployment,0.08,109051904,0.3,268435456,0.00034375634111021854,0.014519811845999573,118890496,15.762068965517242
2025-06-29T11:15:11.882000,service-1-deployment,0.08,109051904,0.3,268435456,0.0003438097639948228,0.014517664416435176,118894592,15.589655172413794
2025-06-29T11:15:29.020000,service-1-deployment,0.08,109051904,0.3,268435456,0.00034371434135119694,0.01451434356702961,118902784,15.527586206896553
2025-06-29T11:15:41.959000,service-1-deployment,0.08,109051904,0.3,268435456,0.00034373615541982954,0.014459981785672947,118902784,15.400000000000002
2025-06-29T11:15:59.146000,service-1-deployment,0.08,109051904,0.3,268435456,0.00034376261601078644,0.014510460129866272,118898688,15.148275862068967
2025-06-29T11:16:12.033000,service-1-deployment,0.08,109051904,0.3,268435456,0.00034377854292217276,0.014462182058994369,118898688,15.048275862068968
2025-06-29T11:16:29.231000,service-1-deployment,0.08,109051904,0.3,268435456,0.00034365541589758883,0.014505076405134045,118898688,14.472413793103449
2025-06-29T11:16:42.131000,service-1-deployment,0.08,109051904,0.3,268435456,0.0003436099387994621,0.014461492201316935,118898688,14.482758620689657
2025-06-29T11:16:59.307000,service-1-deployment,0.08,109051904,0.3,268435456,0.0003436713732588085,0.014498748185700527,119164928,14.513793103448277
2025-06-29T11:17:12.221000,service-1-deployment,0.08,109051904,0.3,268435456,0.0003436634395086415,0.014449882879775097,119164928,14.510344827586207
2025-06-29T11:17:29.387000,service-1-deployment,0.08,109051904,0.3,268435456,0.00034357812132842954,0.01449413028186182,118898688,14.565517241379311
2025-06-29T11:17:42.311000,service-1-deployment,0.08,109051904,0.3,268435456,0.00034358982198071797,0.014452900915872542,118898688,14.572413793103449
2025-06-29T11:17:59.474000,service-1-deployment,0.08,109051904,0.3,268435456,0.0003436764349663373,0.014489440329505372,118902784,14.579310344827588
2025-06-29T11:18:12.387000,service-1-deployment,0.08,109051904,0.3,268435456,0.0003437073556837521,0.014438424704087611,118902784,14.586206896551726
2025-06-29T11:18:29.570000,service-1-deployment,0.08,109051904,0.3,268435456,0.0003437121580470385,0.014489149109965294,118890496,14.60689655172414
2025-06-29T11:18:42.457000,service-1-deployment,0.08,109051904,0.3,268435456,0.0003437181522108964,0.014440754306645527,118890496,14.620689655172415
2025-06-29T11:18:59.646000,service-1-deployment,0.08,109051904,0.3,268435456,0.00034380728495481984,0.014486098030143548,118898688,14.658620689655173
2025-06-29T11:19:12.531000,service-1-deployment,0.08,109051904,0.3,268435456,0.00034382420962675666,0.014483092885160287,118890496,14.658620689655173
2025-06-29T11:19:29.739000,service-1-deployment,0.08,109051904,0.3,268435456,0.00034383341284162036,0.014481494813476367,118902784,14.67241379310345
2025-06-29T11:19:42.620000,service-1-deployment,0.08,109051904,0.3,268435456,0.00034383102737008315,0.01447888178985112,118902784,14.679310344827588
2025-06-29T11:19:59.813000,service-1-deployment,0.08,109051904,0.3,268435456,0.0003439394391893065,0.01447737059989323,118894592,14.700000000000001
2025-06-29T11:20:12.694000,service-1-deployment,0.08,109051904,0.3,268435456,0.00034399018511296154,0.014473986546012108,118894592,14.717241379310346
2025-06-29T11:20:29.908000,service-1-deployment,0.08,109051904,0.3,268435456,0.0003439073799778667,0.014471313663186358,118898688,14.900000000000002
2025-06-29T11:20:42.770000,service-1-deployment,0.08,109051904,0.3,268435456,0.0003439354798671858,0.014472439559283672,118902784,14.927586206896553
2025-06-29T11:20:59.997000,service-1-deployment,0.08,109051904,0.3,268435456,0.00034404444026649465,0.014466010541635202,118894592,15.010344827586207
2025-06-29T11:21:12.884000,service-1-deployment,0.08,109051904,0.3,268435456,0.00034396108812159893,0.014416596898236596,118894592,15.155172413793105
2025-06-29T11:21:30.078000,service-1-deployment,0.08,109051904,0.3,268435456,0.00034407365404757133,0.014449466249019712,118902784,14.910344827586208
2025-06-29T11:21:43,service-1-deployment,0.08,109051904,0.3,268435456,0.00034406290298270636,0.014412145412985564,118890496,14.80344827586207
2025-06-29T11:22:00.158000,service-1-deployment,0.08,109051904,0.3,268435456,0.00034413463316742605,0.014412982531147284,118898688,14.896551724137934
2025-06-29T11:22:13.082000,service-1-deployment,0.08,109051904,0.3,268435456,0.00034414362420573483,0.014411619676436433,118898688,14.920689655172415
2025-06-29T11:22:30.240000,service-1-deployment,0.08,109051904,0.3,268435456,0.00034416589716756177,0.014414269985984713,118902784,15.044827586206898
2025-06-29T11:22:43.182000,service-1-deployment,0.08,109051904,0.3,268435456,0.0003441548207006078,0.014414906190725676,118902784,15.093103448275864
2025-06-29T11:23:00.325000,service-1-deployment,0.08,109051904,0.3,268435456,0.00034411543112483503,0.014414767808695961,118902784,15.217241379310346
2025-06-29T11:23:13.292000,service-1-deployment,0.08,109051904,0.3,268435456,0.0003441407271411923,0.014351997597445862,118902784,15.248275862068967
2025-06-29T11:23:30.397000,service-1-deployment,0.08,109051904,0.3,268435456,0.000344101148563063,0.01441674626797191,118894592,15.365517241379312
2025-06-29T11:23:43.379000,service-1-deployment,0.08,109051904,0.3,268435456,0.00034409480264295587,0.014347640129811703,118894592,15.40689655172414
2025-06-29T11:24:00.504000,service-1-deployment,0.08,109051904,0.3,268435456,0.00034403153962317363,0.014416170588762912,118902784,15.520689655172415
2025-06-29T11:24:13.473000,service-1-deployment,0.08,109051904,0.3,268435456,0.00034404025819368637,0.01441848658274772,118902784,15.565517241379311
2025-06-29T11:24:30.580000,service-1-deployment,0.08,109051904,0.3,268435456,0.0003440558879228254,0.014382078050743503,118906880,15.710344827586209
2025-06-29T11:24:43.558000,service-1-deployment,0.08,109051904,0.3,268435456,0.0003440107601043962,0.014363410822748179,118906880,15.758620689655174
2025-06-29T11:25:00.659000,service-1-deployment,0.08,109051904,0.3,268435456,0.0003440084039068404,0.014372102059560946,118894592,15.834482758620691
2025-06-29T11:25:13.648000,service-1-deployment,0.08,109051904,0.3,268435456,0.0003439802507315867,0.014422072939932902,118898688,15.793103448275863
2025-06-29T11:25:30.755000,service-1-deployment,0.08,109051904,0.3,268435456,0.00034390388358771943,0.014422414476121737,118898688,15.824137931034484
2025-06-29T11:25:43.719000,service-1-deployment,0.08,109051904,0.3,268435456,0.0003438514014379887,0.01442367315605356,118898688,15.87241379310345
2025-06-29T11:26:00.856000,service-1-deployment,0.08,109051904,0.3,268435456,0.00034387601215944653,0.014426419106867134,118898688,15.8
2025-06-29T11:26:13.786000,service-1-deployment,0.08,109051904,0.3,268435456,0.00034391236474340956,0.014425030195213514,118898688,15.765517241379312
2025-06-29T11:26:30.929000,service-1-deployment,0.08,109051904,0.3,268435456,0.00034381826134681894,0.014392624365751176,118898688,16.3448275862069
2025-06-29T11:26:43.913000,service-1-deployment,0.08,109051904,0.3,268435456,0.0003438899627149716,0.014429471067532134,118902784,16.351724137931036
2025-06-29T11:27:01.019000,service-1-deployment,0.08,109051904,0.3,268435456,0.000344027042513441,0.014429659197104636,118902784,16.36896551724138
2025-06-29T11:27:13.982000,service-1-deployment,0.08,109051904,0.3,268435456,0.00034402090397870217,0.014431688552081509,118898688,16.355172413793106
2025-06-29T11:27:31.115000,service-1-deployment,0.08,109051904,0.3,268435456,0.00034420672745550973,0.014395716273777281,118902784,16.365517241379315
2025-06-29T11:27:44.053000,service-1-deployment,0.08,109051904,0.3,268435456,0.0003441827797121386,0.014432498931031743,118902784,16.36896551724138
2025-06-29T11:28:01.200000,service-1-deployment,0.08,109051904,0.3,268435456,0.00034411589015679217,0.014393900506912884,118906880,16.33793103448276
2025-06-29T11:28:14.142000,service-1-deployment,0.08,109051904,0.3,268435456,0.00034413366505008287,0.014433127166405917,118906880,16.31379310344828
2025-06-29T11:28:31.279000,service-1-deployment,0.08,109051904,0.3,268435456,0.0003440469274064132,0.014396200145888766,118898688,16.33793103448276
2025-06-29T11:28:44.242000,service-1-deployment,0.08,109051904,0.3,268435456,0.00034401960037377987,0.014434661639987592,118898688,16.327586206896555
2025-06-29T11:29:01.391000,service-1-deployment,0.08,109051904,0.3,268435456,0.00034400034037641603,0.014437079008320895,118902784,16.324137931034485
2025-06-29T11:29:14.319000,service-1-deployment,0.08,109051904,0.3,268435456,0.00034393627195841546,0.014439700667511286,118898688,16.30689655172414
2025-06-29T11:29:31.465000,service-1-deployment,0.08,109051904,0.3,268435456,0.0003438355148718855,0.014443190128749391,118898688,16.31034482758621
2025-06-29T11:29:44.409000,service-1-deployment,0.08,109051904,0.3,268435456,0.0003437620171670033,0.014378761290690665,118898688,16.31724137931035
2025-06-29T11:30:01.553000,service-1-deployment,0.08,109051904,0.3,268435456,0.00034375134256944703,0.014415212968024286,118902784,16.33793103448276
2025-06-29T11:30:14.530000,service-1-deployment,0.08,109051904,0.3,268435456,0.0003437864202383254,0.014452639035833553,118906880,16.355172413793106
2025-06-29T11:30:32.101000,service-1-deployment,0.08,109051904,0.3,268435456,0.00034369874415495356,0.014405640199550769,118906880,16.51379310344828
2025-06-29T11:30:44.618000,service-1-deployment,0.08,109051904,0.3,268435456,0.00034364368668274027,0.014415536851929717,118906880,16.441379310344832
2025-06-29T11:31:04.631000,service-1-deployment,0.08,109051904,0.3,268435456,0.00034371885795274646,0.014329908491575387,118906880,16.496551724137934
2025-06-29T12:04:28.179000,service-1-deployment,0.3,268435456,0.3,268435456,0.00040221212765046387,0.018619325917702323,118231040,12.376849439999999
2025-06-29T12:04:58.283000,service-1-deployment,0.3,268435456,0.3,268435456,0.0004281778470310459,0.01978295617372264,118231040,12.65433430808081
2025-06-29T12:05:28.387000,service-1-deployment,0.3,268435456,0.3,268435456,0.000441069895954421,0.020068398168959806,118231040,12.532402157894737
2025-06-29T12:05:58.496000,service-1-deployment,0.3,268435456,0.3,268435456,0.0004465786949901937,0.020457544696969674,118231040,12.455005826388888
2025-06-29T12:06:28.587000,service-1-deployment,0.3,268435456,0.3,268435456,0.0004507859391735717,0.02049281242037003,118231040,12.329073034188033
2025-06-29T12:06:58.658000,service-1-deployment,0.3,268435456,0.3,268435456,0.00045455377935142374,0.020963374818951927,118231040,12.637089999999999
2025-06-29T12:07:28.764000,service-1-deployment,0.3,268435456,0.3,268435456,0.00045826089953017967,0.020996547468547084,118231040,12.509576359788358
2025-06-29T12:07:58.837000,service-1-deployment,0.3,268435456,0.3,268435456,0.00046176361201517825,0.021408102976748042,118231040,12.336205884390916
2025-06-29T12:08:28.911000,service-1-deployment,0.3,268435456,0.3,268435456,0.00046452164567634715,0.021591834235264312,118231040,12.34828723611111
2025-06-29T12:08:58.986000,service-1-deployment,0.3,268435456,0.3,268435456,0.00046710427386885265,0.021687027466482992,172789760,13.863922469135805
2025-06-29T12:09:29.063000,service-1-deployment,0.3,268435456,0.3,268435456,0.0004696520634001664,0.02159130585195356,172961792,15.086206896551726
2025-06-29T12:09:59.144000,service-1-deployment,0.3,268435456,0.3,268435456,0.00047238238740143643,0.021864635204478757,173219840,15.120689655172415
2025-06-29T12:10:29.241000,service-1-deployment,0.3,268435456,0.3,268435456,0.00047481073650974944,0.02209681825353188,173494272,15.231034482758622
2025-06-29T12:10:59.954000,service-1-deployment,0.3,268435456,0.3,268435456,0.0004764019780926572,0.02249535712722832,173785088,15.386206896551725
2025-06-29T12:11:30.039000,service-1-deployment,0.3,268435456,0.3,268435456,0.00047769284211891,0.022575231469438992,173649920,15.575862068965519
2025-06-29T12:12:00.133000,service-1-deployment,0.3,268435456,0.3,268435456,0.00047954816483152717,0.022801692577265345,174395392,14.43448275862069
2025-06-29T12:12:30.217000,service-1-deployment,0.3,268435456,0.3,268435456,0.00048034736429975594,0.022745938015183816,174448640,13.820689655172416
2025-06-29T12:13:00.308000,service-1-deployment,0.3,268435456,0.3,268435456,0.0004808990003976949,0.022803844847648014,174567424,13.844827586206899
2025-06-29T12:13:30.385000,service-1-deployment,0.3,268435456,0.3,268435456,0.0004813104175069543,0.022892715721032648,174723072,13.80344827586207
2025-06-29T12:14:00.466000,service-1-deployment,0.3,268435456,0.3,268435456,0.0004815308719608794,0.022891710870598884,174821376,13.817241379310346
2025-06-29T12:14:30.550000,service-1-deployment,0.3,268435456,0.3,268435456,0.00048159433735052014,0.023112046362753203,174972928,13.758620689655174
2025-06-29T12:15:00.636000,service-1-deployment,0.3,268435456,0.3,268435456,0.00048167248894237746,0.023131380318040105,175124480,13.748275862068967
2025-06-29T12:15:30.717000,service-1-deployment,0.3,268435456,0.3,268435456,0.0004817830934030867,0.02317461332202072,175456256,13.60344827586207
2025-06-29T12:16:00.821000,service-1-deployment,0.3,268435456,0.3,268435456,0.0004817735587746383,0.02309409018512299,175288320,13.441379310344828
2025-06-29T12:16:30.897000,service-1-deployment,0.3,268435456,0.3,268435456,0.0004818028663182008,0.023161509440407218,175435776,13.431034482758621
2025-06-29T12:17:00.975000,service-1-deployment,0.3,268435456,0.3,268435456,0.0004817846627454072,0.0232360856057389,175464448,15.017241379310347
2025-06-29T12:17:31.088000,service-1-deployment,0.3,268435456,0.3,268435456,0.0004819697685893217,0.023218403119601598,175497216,15.048275862068968
2025-06-29T12:18:01.188000,service-1-deployment,0.3,268435456,0.3,268435456,0.0004819304524096312,0.023224694232631068,175579136,15.086206896551726
2025-06-29T12:18:31.295000,service-1-deployment,0.3,268435456,0.3,268435456,0.00048195744277102376,0.023254755036545373,175648768,15.065517241379311
2025-06-29T12:19:01.375000,service-1-deployment,0.3,268435456,0.3,268435456,0.00048182979776501374,0.023265470268775443,175697920,15.103448275862071
2025-06-29T12:19:31.452000,service-1-deployment,0.3,268435456,0.3,268435456,0.0004817564733870598,0.023221140723523104,175738880,15.065517241379311
2025-06-29T12:20:01.525000,service-1-deployment,0.3,268435456,0.3,268435456,0.0004817106990525127,0.023247419884724712,175763456,15.110344827586209
2025-06-29T12:20:31.748000,service-1-deployment,0.3,268435456,0.3,268435456,0.00048188920940877157,0.023140105598934712,175783936,15.193103448275863
2025-06-29T12:21:01.874000,service-1-deployment,0.3,268435456,0.3,268435456,0.0004821533532079197,0.023220169377612836,175869952,15.265517241379312
2025-06-29T12:21:31.949000,service-1-deployment,0.3,268435456,0.3,268435456,0.0004815755330836947,0.023286352354416038,175964160,15.734482758620691
2025-06-29T12:22:02.031000,service-1-deployment,0.3,268435456,0.3,268435456,0.0004798903635408239,0.023329665486699635,176025600,17.824137931034485
2025-06-29T12:22:32.125000,service-1-deployment,0.3,268435456,0.3,268435456,0.00047941995634661537,0.0234558923933549,176140288,18.665517241379312
2025-06-29T12:23:02.203000,service-1-deployment,0.3,268435456,0.3,268435456,0.0004797165434255153,0.02360399926044636,176271360,18.71379310344828
2025-06-29T12:23:32.289000,service-1-deployment,0.3,268435456,0.3,268435456,0.0004800620807977073,0.023611628172470325,176312320,18.758620689655174
2025-06-29T12:24:02.374000,service-1-deployment,0.3,268435456,0.3,268435456,0.0004803435505339305,0.023576889777645833,176365568,18.831034482758625
2025-06-29T12:24:32.468000,service-1-deployment,0.3,268435456,0.3,268435456,0.00048065034692022806,0.02361564987524633,176406528,18.882758620689657
2025-06-29T12:25:02.550000,service-1-deployment,0.3,268435456,0.3,268435456,0.00048105406131854927,0.023558822392616786,176431104,18.87586206896552
2025-06-29T12:25:32.645000,service-1-deployment,0.3,268435456,0.3,268435456,0.00048153483800382425,0.023557419644589114,176476160,18.796551724137935
2025-06-29T12:26:02.727000,service-1-deployment,0.3,268435456,0.3,268435456,0.0004817614054431598,0.023628795732043618,176836608,18.700000000000003
2025-06-29T12:26:32.849000,service-1-deployment,0.3,268435456,0.3,268435456,0.0004820268773375452,0.02364235387353997,176648192,17.703448275862073
2025-06-29T12:27:02.927000,service-1-deployment,0.3,268435456,0.3,268435456,0.0004822683330224477,0.02372588966163742,176705536,15.603448275862071
2025-06-29T12:27:33.007000,service-1-deployment,0.3,268435456,0.3,268435456,0.00048254360518385414,0.023666576682069555,176734208,15.56896551724138
2025-06-29T12:28:03.104000,service-1-deployment,0.3,268435456,0.3,268435456,0.0004827630286582522,0.023755101658629905,176762880,15.551724137931036
2025-06-29T12:28:33.183000,service-1-deployment,0.3,268435456,0.3,268435456,0.0004830819875306041,0.02375756115075914,176824320,15.531034482758622
2025-06-29T12:29:03.258000,service-1-deployment,0.3,268435456,0.3,268435456,0.0004832694213830448,0.023737608748489774,177119232,15.53793103448276
2025-06-29T12:29:33.335000,service-1-deployment,0.3,268435456,0.3,268435456,0.0004835347542788514,0.02367042040636381,176873472,15.520689655172415
2025-06-29T12:30:03.685000,service-1-deployment,0.3,268435456,0.3,268435456,0.00048395700632671,0.02366430878704754,176898048,15.53793103448276
2025-06-29T12:30:33.758000,service-1-deployment,0.3,268435456,0.3,268435456,0.00048416516714492816,0.023434615509882024,176943104,15.693103448275863
2025-06-29T12:31:03.837000,service-1-deployment,0.3,268435456,0.3,268435456,0.00048441010733780044,0.02355971110041701,176967680,15.813793103448278
2025-06-29T12:31:33.909000,service-1-deployment,0.3,268435456,0.3,268435456,0.00048436203594352795,0.023679914472440815,177004544,15.713793103448277
2025-06-29T12:32:03.988000,service-1-deployment,0.3,268435456,0.3,268435456,0.0004836085595218526,0.02376788914914995,177049600,15.251724137931037
2025-06-29T12:32:34.076000,service-1-deployment,0.3,268435456,0.3,268435456,0.00048234721830317566,0.023903129689497468,177135616,15.327586206896553
2025-06-29T12:33:04.145000,service-1-deployment,0.3,268435456,0.3,268435456,0.0004811349301908707,0.024050020202111923,177197056,15.40689655172414
2025-06-29T12:33:34.213000,service-1-deployment,0.3,268435456,0.3,268435456,0.00048001129417963537,0.024223270649028118,177262592,15.448275862068966
2025-06-29T12:34:04.292000,service-1-deployment,0.3,268435456,0.3,268435456,0.0004788195037788504,0.024449325127829175,177307648,15.468965517241381
2025-06-29T12:34:34.394000,service-1-deployment,0.3,268435456,0.3,268435456,0.00046936184482346434,0.024655310277403166,177389568,15.565517241379311
2025-06-29T12:35:04.473000,service-1-deployment,0.3,268435456,0.3,268435456,0.00046831091592649523,0.024649658166195146,177422336,15.600000000000001
2025-06-29T12:35:34.551000,service-1-deployment,0.3,268435456,0.3,268435456,0.00046483231416449876,0.024845669344472434,177446912,15.517241379310347
2025-06-29T12:36:04.639000,service-1-deployment,0.3,268435456,0.3,268435456,0.00046373113799277947,0.02496813379692246,177758208,15.496551724137932
2025-06-29T12:36:34.733000,service-1-deployment,0.3,268435456,0.3,268435456,0.00043707717009256266,0.024907551028742047,177516544,16.206896551724142
2025-06-29T12:37:04.816000,service-1-deployment,0.3,268435456,0.3,268435456,0.00043436075065215015,0.02494864361592019,177582080,16.27931034482759
2025-06-29T12:37:34.908000,service-1-deployment,0.3,268435456,0.3,268435456,0.0004337349665441968,0.025036303268134278,177643520,16.31034482758621
2025-06-29T12:38:04.981000,service-1-deployment,0.3,268435456,0.3,268435456,0.0004328872820636375,0.024966283064615645,177672192,16.331034482758625
2025-06-29T12:38:35.066000,service-1-deployment,0.3,268435456,0.3,268435456,0.0004322841946241073,0.024955794799158756,177684480,16.393103448275866
2025-06-29T12:39:05.158000,service-1-deployment,0.3,268435456,0.3,268435456,0.0004314035594405619,0.024967435021422138,177737728,16.434482758620693
2025-06-29T12:39:35.237000,service-1-deployment,0.3,268435456,0.3,268435456,0.0004310587758093952,0.025032755772467954,177807360,16.503448275862073
2025-06-29T12:40:05.454000,service-1-deployment,0.3,268435456,0.3,268435456,0.00042717640149826435,0.025101602549738252,177831936,16.55172413793104
2025-06-29T12:40:35.550000,service-1-deployment,0.3,268435456,0.3,268435456,0.0004263678385267129,0.02506466632250203,177901568,16.665517241379312
2025-06-29T12:41:05.661000,service-1-deployment,0.3,268435456,0.3,268435456,0.00042608951877932976,0.025069235027858065,177946624,16.720689655172418
